电影id,标题,年份,评分,星级人数,评论数,评论,海报,用户头像,用户名,排名,发布年份,发布地区,电影类型,主演
1432146,钢铁侠,2008,8.4,4.0,661450,"想起一个人,铁臂阿木童.",https://image.tmdb.org/t/p/w500/g74Gzxwv0GQt4maSEY8HQpCjhSk.jpg,https://img2.doubanio.com/icon/up1043499-101.jpg,Kaito,12.0,2008,美国,动作,乔恩·费儒  小罗伯特·唐尼 格温妮斯·帕特洛
3025375,奇异博士,2016,7.6,4.0,624824,答应我一定要去看3D的好吗？,https://image.tmdb.org/t/p/w500/kqXM1TKDoBHtTvmn0Bf1xL6DMDr.jpg,https://img9.doubanio.com/icon/up5487795-35.jpg,丿去丿去,23.0,2016,美国,动作,斯科特·德瑞克森  本尼迪克特·康伯巴奇 蒂尔达·斯文顿
10741834,复仇者联盟2：奥创纪元,2015,7.5,4.0,538421,没有了洛基这个小基仔真是觉得即墨如雪啊,https://image.tmdb.org/t/p/w500/9WmrLfkiHcUjEeG7gVcyHCsXEu7.jpg,https://img9.doubanio.com/icon/up3418303-4.jpg,小呆,25.0,2015,美国,动作,乔斯·韦登  小罗伯特·唐尼 克里斯·埃文斯
7065154,银河护卫队,2014,8.1,4.0,564866,26 年超长使用寿命的 sony walkman，当然要高呼索尼大法好,https://image.tmdb.org/t/p/w500/cOzP3TjKLKXnxD480vVkQBWyP4Q.jpg,https://img1.doubanio.com/icon/up1563045-109.jpg,陈永仁,12.0,2014,美国,动作,詹姆斯·古恩  克里斯·帕拉特 佐伊·索尔达娜
26925317,动物世界,2018,7.1,3.5,576523,真文明，以为会是大逃杀，结果是大家一起做数学题。,https://image.tmdb.org/t/p/w500/k4ostodSp1kWChPwpf30UBDsMOS.jpg,https://img2.doubanio.com/icon/up42136258-31.jpg,艺艺艺仔,11.0,2018,中国大陆,剧情,韩延  李易峰 迈克尔·道格拉斯
26636712,蚁人2：黄蜂女现身,2018,7.2,3.5,462383,妈妈实在太美了……,https://image.tmdb.org/t/p/w500/unPR23Fhg7D5Dgp03kb6HvwmZtB.jpg,https://img3.doubanio.com/icon/up47187537-32.jpg,蚂蚁玛丽_,7.0,2018,美国,动作,佩顿·里德  保罗·路德 伊万杰琳·莉莉
1291552,指环王3：王者无敌,2003,9.3,4.5,908385,要是让peter jackson来拍西游记，会怎样？？,https://image.tmdb.org/t/p/w500/kKUgYEOVebuu21N0KnQiGpIStiN.jpg,https://img9.doubanio.com/icon/up1083363-136.jpg,susu/苏酱,32.0,2003,美国,剧情,彼得·杰克逊  伊利亚·伍德 西恩·奥斯汀
1291572,指环王2：双塔奇兵,2002,9.2,4.5,855421,每次看魔戒都会被奥兰度惊艳到~,https://image.tmdb.org/t/p/w500/ychqojA94mwdskXIIVmDyrfxwXl.jpg,https://img3.doubanio.com/icon/up2007667-212.jpg,颜良辰,47.0,2002,美国,剧情,彼得·杰克逊  伊利亚·伍德 西恩·奥斯汀
6390825,黑豹,2018,6.5,3.5,473219,智者建桥，愚者筑墙。因为这句台词加一星。,https://image.tmdb.org/t/p/w500/acTeygXNYSqzuwEQlbSFplcUxQB.jpg,https://img9.doubanio.com/icon/up76407315-14.jpg,九号停机坪,16.0,2018,美国,动作,瑞恩·库格勒  查德维克·博斯曼 露皮塔·尼永奥
1866471,雷神,2011,7.2,3.5,367200,你们是不是在欺负国际友人！,https://image.tmdb.org/t/p/w500/lrlePosrYqpkz51XKWNNXVkqR4n.jpg,https://img1.doubanio.com/icon/up2889558-1129.jpg,A L E X,0.0,2011,美国,动作,肯尼思·布拉纳  克里斯·海姆斯沃斯 娜塔莉·波特曼
26931786,蜘蛛侠：英雄远征,2019,7.6,4.0,626397,猎鹰继承了美队，荷兰弟继承了钢铁侠。,https://image.tmdb.org/t/p/w500/caakun6Gu4kGS2tJMynEIQvz802.jpg,https://img3.doubanio.com/icon/up160539752-72.jpg,🍟,19.0,2019,美国,动作,乔恩·沃茨  汤姆·霍兰德 赞达亚
25821634,雷神3：诸神黄昏,2017,7.4,3.5,436212,我是雷神托尔，为了北方神的荣耀。。。。。,https://image.tmdb.org/t/p/w500/hcE3W9QWPX84PU1fUEeVSZWj85b.jpg,https://img2.doubanio.com/icon/up92318310-11.jpg,大唐咕噜,5.0,2017,美国,动作,塔伊加·维迪提  克里斯·海姆斯沃斯 汤姆·希德勒斯顿
36151692,周处除三害,2023,8.1,4.0,1178649,通缉榜榜一大哥果然有点东西 把榜三都给忽悠瘸了,https://image.tmdb.org/t/p/w500/b5P8eg7u4XgDSYNF6da17CcZy2d.jpg,https://img9.doubanio.com/icon/up3255658-24.jpg,普拉蒂尼啃脆梨,5.0,2023,中国台湾,动作,黄精甫  阮经天 袁富华
6560058,雷神2：黑暗世界,2013,7.4,3.5,356696,锤与基之歌。,https://image.tmdb.org/t/p/w500/AaP81zR8H3O3Q0VxivgVTmQFVd0.jpg,https://img9.doubanio.com/icon/up72719769-5.jpg,清久,0.0,2013,美国,动作,阿兰·泰勒  克里斯·海姆斯沃斯 娜塔莉·波特曼
3395373,蝙蝠侠：黑暗骑士崛起,2012,8.9,4.5,814620,"超过TDK不敢说,但永垂影史是扛扛的.",https://image.tmdb.org/t/p/w500/7xSR1G1cBx67WlAooTlwqfXRFaN.jpg,https://img3.doubanio.com/icon/up39058983-2.jpg,无殇,106.0,2012,美国,剧情,克里斯托弗·诺兰  克里斯蒂安·贝尔 汤姆·哈迪
26374197,蜘蛛侠：平行宇宙,2018,8.6,4.5,759238,千万不要当蜘蛛侠的Uncle，会没命的。,https://image.tmdb.org/t/p/w500/mc9icNYFRNSwl9PItTpVI5QmugW.jpg,https://img3.doubanio.com/icon/up1916681-237.jpg,江湖遠人,243.0,2018,美国,动作,鲍勃·佩尔西凯蒂 彼得·拉姆齐 罗德尼·罗斯曼  沙梅克·摩尔 杰克·约翰逊
4864908,影,2018,7.2,3.5,617502,谁能想到，演得最好的竟然是郑恺…,https://image.tmdb.org/t/p/w500/gI1oQrrIq3p6qiYF0Q2kuWWmJoy.jpg,https://img9.doubanio.com/icon/up42097517-14.jpg,把噗,6.0,2018,中国大陆,剧情,张艺谋  邓超 孙俪
1783457,功夫熊猫,2008,8.3,4.0,643075,可恨国人拍不出这样的动画片！,https://image.tmdb.org/t/p/w500/womV6pTEBiM6dHjdAHdcku0Q9aa.jpg,https://img1.doubanio.com/icon/up1715179-89.jpg,鱼·无,19.0,2008,美国,喜剧,马克·奥斯本 约翰·斯蒂文森  杰克·布莱克 达斯汀·霍夫曼
1300299,杀人回忆,2003,8.9,4.5,837133,嗨凶手，你也在看这部片吗？送给你的，杀人回忆,https://image.tmdb.org/t/p/w500/hJMdZcNqm4l7Rv72Ak12QytdGi9.jpg,https://img3.doubanio.com/icon/up1125289-57.jpg,狮子人,91.0,2003,韩国,剧情,奉俊昊  宋康昊 金相庆
23761370,速度与激情7,2015,8.4,4.0,510713,猛到反人类，请尽量别买可乐爆米花避免泼洒。,https://image.tmdb.org/t/p/w500/krJ5xZ1Pnw7KmD1BE7iUexoGqGK.jpg,https://img3.doubanio.com/icon/up2315257-73.jpg,Obtson,9.0,2015,美国,动作,温子仁  范·迪塞尔 保罗·沃克
26394152,大黄蜂,2018,7.0,3.5,400287,撸猫撸狗都弱爆了，撸铁的妹子才是人生赢家。,https://image.tmdb.org/t/p/w500/gI1oQrrIq3p6qiYF0Q2kuWWmJoy.jpg,https://img9.doubanio.com/icon/up2228416-54.jpg,咖啡只喝速溶,9.0,2018,美国,动作,特拉维斯·奈特  海莉·斯坦菲尔德 小豪尔赫·兰登伯格
1794171,变形金刚,2007,8.4,4.0,544007,真适合影院看啊,https://image.tmdb.org/t/p/w500/iVYKuON6sl8pv9GA9CtOrmWayQX.jpg,https://img3.doubanio.com/icon/up1088291-302.jpg,娜嘉,16.0,2007,美国,动作,迈克尔·贝  希亚·拉博夫 梅根·福克斯
26826330,刺杀小说家,2021,6.5,3.5,699308,雷佳音和董子健属实不错,https://image.tmdb.org/t/p/w500/gGve3omEZ5LIiuw7LdWAfpUXVZ8.jpg,https://img3.doubanio.com/img/files/file-1609845567.png,柳树不如杨树高,17.0,2021,中国大陆,动作,路阳  雷佳音 杨幂
3821067,一代宗师,2013,8.2,4.0,690022,张震练了两年，拿了冠军，就为了这三场戏，牛逼,https://image.tmdb.org/t/p/w500/aRQQQcB1DJgfafN8cPJjn1ms6JC.jpg,https://img2.doubanio.com/icon/up1042441-31.jpg,思郁,16.0,2013,中国大陆,剧情,王家卫  梁朝伟 章子怡
30337388,失控玩家,2021,7.5,4.0,759805,做梦没想到美队把盾牌给了死侍。,https://image.tmdb.org/t/p/w500/gvkW39mr9ke8vpjpeYRZ8sgRbgP.jpg,https://img3.doubanio.com/icon/up139333573-23.jpg,陳顏,38.0,2021,美国,喜剧,肖恩·利维  瑞安·雷诺兹 朱迪·科默
26260853,速度与激情8,2017,7.0,3.5,355593,喜爱大场面的朋友们千万不要错过这部汽车版的釜山行。,https://image.tmdb.org/t/p/w500/qoG8odxwjzbiw9qCr1PvIXoIwWV.jpg,https://img2.doubanio.com/icon/up42136258-31.jpg,艺艺艺仔,6.0,2017,中国大陆,动作,F·加里·格雷  范·迪塞尔 杰森·斯坦森
25765735,金刚狼3：殊死一战,2017,8.3,4.0,447243,查尔斯：扎心了，老铁。,https://image.tmdb.org/t/p/w500/5qF3eQAscmbK1moNhnufVIGdN1N.jpg,https://img9.doubanio.com/icon/up61212508-24.jpg,明安,2.0,2017,美国,剧情,詹姆斯·曼高德  休·杰克曼 帕特里克·斯图尔特
25786060,X战警：天启,2016,7.7,4.0,401210,天启睡醒了一起来就学习 这种臭学霸死的活该,https://image.tmdb.org/t/p/w500/ckN9JuF0ROEbGbZfQeD3dP1Dj2P.jpg,https://img9.doubanio.com/icon/up30630365-4.jpg,Bill 2.0,22.0,2016,美国,动作,布莱恩·辛格  詹姆斯·麦卡沃伊 迈克尔·法斯宾德
1578714,神奇女侠,2017,7.1,3.5,486614,I wish have more time…to二刷！！！,https://image.tmdb.org/t/p/w500/lm19PYzK63vqSmlLo6K82VF6ml3.jpg,https://img9.doubanio.com/icon/up2712168-64.jpg,深夜声噎,9.0,2017,美国,动作,派蒂·杰金斯  盖尔·加朵 克里斯·派恩
10440138,侏罗纪世界,2015,7.8,4.0,472370,星爵被迅猛龙围攻的时候，老觉得他要开始跳舞了,https://image.tmdb.org/t/p/w500/a30pAdpCBnuA8CVAxM5hHPsetX3.jpg,https://img3.doubanio.com/icon/up7542909-93.jpg,翻滚吧！蛋堡,39.0,2015,美国,动作,科林·特莱沃若  克里斯·帕拉特 布莱丝·达拉斯·霍华德
24753810,战狼,2015,7.0,3.5,357143,超出预期的燃！,https://image.tmdb.org/t/p/w500/d7LoglqxuZlWyxBqD0XBKEFE1Pn.jpg,https://img3.doubanio.com/icon/up1534649-17.jpg,野原美伢,3.0,2015,中国大陆,动作,吴京  吴京 余男
1306612,蜘蛛侠,2002,8.1,4.0,416761,我需要被猴子咬一口，然后变成孙悟空！！,https://image.tmdb.org/t/p/w500/325ufCzYxTZg45Bwaawlna3zcUC.jpg,https://img9.doubanio.com/icon/up155986723-5.jpg,梦梦梦梦,34.0,2002,美国,动作,山姆·雷米  托比·马奎尔 威廉·达福
4286017,速度与激情5,2011,8.5,4.5,394046,溜狗？你OUT了！开车溜保险箱去！,https://image.tmdb.org/t/p/w500/qLciV2NhjV5ODVQyhjdHuj6Nj18.jpg,https://img2.doubanio.com/icon/up1043499-101.jpg,Kaito,11.0,2011,美国,动作,林诣彬  范·迪塞尔 保罗·沃克
4811774,阿凡达：水之道,2022,7.8,4.0,676066,《阿凡达2》：从张家界到马尔代夫,https://image.tmdb.org/t/p/w500/az6FndKaR11uuxnRQucKJ2mmglg.jpg,https://img3.doubanio.com/icon/up113309050-3.jpg,Sediment,31.0,2022,美国,动作,詹姆斯·卡梅隆  萨姆·沃辛顿 佐伊·索尔达娜
2973079,霍比特人3：五军之战,2014,8.7,4.5,421488,再见，中土世界；再见，索林·橡木盾·葛朗台。,https://image.tmdb.org/t/p/w500/nng0r6rieq2NToIdc9l7psYQ69T.jpg,https://img9.doubanio.com/icon/up61212508-24.jpg,明安,16.0,2014,美国,动作,彼得·杰克逊  马丁·弗瑞曼 伊恩·麦克莱恩
3168089,X战警：第一战,2011,8.2,4.0,355121,为什么不吻他啊混蛋！！！！！！！！！,https://image.tmdb.org/t/p/w500/2ANxv25xdvO1epNslQMVAZNAcXi.jpg,https://img9.doubanio.com/icon/up47069235-6.jpg,张简妮,0.0,2011,美国,剧情,马修·沃恩  詹姆斯·麦卡沃伊 迈克尔·法斯宾德
4746257,明日边缘,2014,8.2,4.0,524250,胜败乃兵家常事，大侠请重新来过。,https://image.tmdb.org/t/p/w500/pBmA5w8lPl2eXW6FQ7Jgj0P2yI4.jpg,https://img1.doubanio.com/icon/up2849243-110.jpg,shininglove,26.0,2014,美国,动作,道格·里曼  汤姆·克鲁斯 艾米莉·布朗特
11606328,霍比特人2：史矛革之战,2013,8.5,4.5,398222,故事情节略单薄...恶龙好话唠...,https://image.tmdb.org/t/p/w500/gKjwAQt1q2M3P2WSjpt5NmIck1v.jpg,https://img1.doubanio.com/icon/up3457837-109.jpg,你爷爷尿分岔,15.0,2013,美国,动作,彼得·杰克逊  伊恩·麦克莱恩 马丁·弗瑞曼
2146991,变形金刚2,2009,7.8,4.0,398436,美国人已经是外星人了,https://image.tmdb.org/t/p/w500/3toc3U1fd16gOLaEJEQJYYusOk9.jpg,https://img9.doubanio.com/icon/up1684901-26.jpg,.od.,15.0,2009,美国,动作,迈克尔·贝  希亚·拉博夫 梅根·福克斯
1297863,武状元苏乞儿,1992,8.2,4.0,445851,我喜歡看豎起的打分牌上，最後一張上書“無恥”……,https://image.tmdb.org/t/p/w500/1TufKkL3ygfm9o494vQNU90WXmq.jpg,https://img9.doubanio.com/icon/up2449166-26.jpg,趙小漁,10.0,1992,中国香港,喜剧,陈嘉上  周星驰 张敏
2129132,超凡蜘蛛侠,2012,7.8,4.0,369924,五星打给本色出演又萌又帅身材好屁股翘的加菲,https://image.tmdb.org/t/p/w500/ppwZ5K8743c5iGEPsqCSCvlpy13.jpg,https://img2.doubanio.com/icon/up1144914-11.jpg,一只阁子,0.0,2012,美国,动作,马克·韦布  安德鲁·加菲尔德 艾玛·斯通
3006772,第九区,2009,8.4,4.0,507930,人家也只是想回家。,https://image.tmdb.org/t/p/w500/dkEHEwOGvOiBko9wjO03We2ipZN.jpg,https://img1.doubanio.com/icon/up2044882-358.jpg,░▒▓██,20.0,2009,美国,剧情,尼尔·布洛姆坎普  沙尔托·科普雷 詹森·库伯
1578507,谍影重重3,2007,8.9,4.5,472071,紧凑、凌厉，史上最佳间谍动作片。,https://image.tmdb.org/t/p/w500/gQbM1rzdYukWkNxbzHJQJBCbx7A.jpg,https://img1.doubanio.com/icon/up1411454-189.jpg,苇间疯,172.0,2007,美国,动作,保罗·格林格拉斯  马特·达蒙 朱丽娅·斯蒂尔斯
3071441,雪国列车,2013,7.6,4.0,506365,北极熊内心OS：老子找了这么久终于找到食物了（。,https://image.tmdb.org/t/p/w500/gl3QU39qwkoFh43t9HjHzS1GzVE.jpg,https://img3.doubanio.com/icon/up62407145-152.jpg,J U D E,13.0,2013,韩国,剧情,奉俊昊  克里斯·埃文斯 宋康昊
1309069,蝙蝠侠：侠影之谜,2005,8.6,4.5,464053,为什么我这么喜欢稻草人。。。。为什么！！！,https://image.tmdb.org/t/p/w500/VwksWozHDudb7i1XBQBYeEfxiP.jpg,https://img1.doubanio.com/icon/up2889558-1129.jpg,A L E X,13.0,2005,美国,剧情,克里斯托弗·诺兰  克里斯蒂安·贝尔 迈克尔·凯恩
1329562,头文字D,2005,7.8,4.0,446152,陈冠希老湿太帅了,https://image.tmdb.org/t/p/w500/vicFbhLGdF9cK1S1OS2zN0rjE1G.jpg,https://img3.doubanio.com/icon/up4162642-73.jpg,miseria❀,9.0,2005,中国香港,剧情,刘伟强 麦兆辉  周杰伦 陈冠希
3610047,变形金刚3,2011,7.3,3.5,370485,我国国产品牌联想和伊利发来贺电。,https://image.tmdb.org/t/p/w500/ia6SDGv51Is6kdcjHtcpFEoxN2G.jpg,https://img9.doubanio.com/icon/up1988492-85.jpg,楚仙,13.0,2011,美国,动作,迈克尔·贝  希亚·拉博夫 罗茜·汉丁顿-惠特莉
6537500,速度与激情6,2013,7.9,4.0,283868,汽车飞机加大炮，速度激情无间道。横批：还我大长腿！,https://image.tmdb.org/t/p/w500/jNG79J5FdBsCXPXdeCuyDAoS9Sd.jpg,https://img9.doubanio.com/icon/up4526663-44.jpg,MegaMind,3.0,2013,美国,动作,林诣彬  范·迪塞尔 保罗·沃克
7054604,变形金刚4：绝迹重生,2014,6.7,3.5,351108,感觉比123部加起来都屌。。。,https://image.tmdb.org/t/p/w500/8tYzHXLVKeeAfUPZotTuh6SXqhK.jpg,https://img3.doubanio.com/icon/up63144138-2.jpg,与魔鬼同行,4.0,2014,美国,动作,迈克尔·贝  马克·沃尔伯格 斯坦利·图齐
26258779,银河护卫队3,2023,8.3,4.0,581164,动森岛建不理想只能炸岛 害,https://image.tmdb.org/t/p/w500/jMT8lBFvumcwSszkMJ31ebSop5U.jpg,https://img1.doubanio.com/icon/up51435556-8.jpg,R人民艺术家,19.0,2023,美国,喜剧,詹姆斯·古恩  克里斯·帕拉特 佐伊·索尔达娜
26425068,追龙,2017,7.2,3.5,375868,香港版《美国往事》，史诗级黑帮片。,https://image.tmdb.org/t/p/w500/scb7wDmxRcc4HdgWgDgdTUap4Uk.jpg,https://img1.doubanio.com/icon/up63688511-18.jpg,朝暮雪,20.0,2017,中国香港,动作,王晶 关智耀  甄子丹 刘德华
26378579,王牌特工2：黄金圈,2017,6.8,3.5,362110,我竟然在大荧幕上看到了〇道内壁三秒钟大特写！,https://image.tmdb.org/t/p/w500/ooExao6kcNIsUJbZ58j7HWDgVYh.jpg,https://img1.doubanio.com/icon/up4640303-158.jpg,根,19.0,2017,英国,喜剧,马修·沃恩  塔伦·埃哲顿 科林·费尔斯
6890730,寒战,2012,7.6,4.0,411000,此类港片要想好看，先得找个像样的“天台” ,https://image.tmdb.org/t/p/w500/fJQt3Rf6flurPUOrpkbHMqUml8D.jpg,https://img9.doubanio.com/icon/up18194188-65.jpg,罗弘霉素,11.0,2012,中国香港,剧情,梁乐民 陆剑青  郭富城 梁家辉
1305724,X战警2,2003,7.7,4.0,250446,金刚狼和独眼龙终于可以在一起了,https://image.tmdb.org/t/p/w500/1nEJgL63vbmVap8d50zhB6yziFp.jpg,https://img2.doubanio.com/icon/up3410472-121.jpg,葱,0.0,2003,美国,动作,布莱恩·辛格  休·杰克曼 帕特里克·斯图尔特
10727641,碟中谍5：神秘国度,2015,7.9,4.0,353871,一颗星送给了阿汤哥身高,https://image.tmdb.org/t/p/w500/glzi3sDVg96A7pJD4eR6wSULn0x.jpg,https://img3.doubanio.com/icon/up44055783-292.jpg,猪大勇,18.0,2015,美国,动作,克里斯托弗·麦奎里  汤姆·克鲁斯 杰瑞米·雷纳
1308570,蜘蛛侠2,2004,7.9,4.0,312896,最好的一部，重新定义了漫画英雄电影。,https://image.tmdb.org/t/p/w500/30jXHJEB1xaxopoWiad9KaU79ri.jpg,https://img3.doubanio.com/icon/up45641610-37.jpg,陀螺凡达可,9.0,2004,美国,动作,山姆·雷米  托比·马奎尔 克尔斯滕·邓斯特
1308767,谍影重重2,2004,8.7,4.5,401046,俄罗斯出租质量真好,https://image.tmdb.org/t/p/w500/kePCwAfcT5f2buKaGMsJs1wFYUM.jpg,https://img9.doubanio.com/icon/up2748328-194.jpg,Baristina,242.0,2004,美国,动作,保罗·格林格拉斯  马特·达蒙 布莱恩·考克斯
1291844,终结者2：审判日,1991,8.8,4.5,387185,少见的超越首部的续集，动作片中的经典~~,https://image.tmdb.org/t/p/w500/OA6oYh2CwTrWXTjGDIIs8MUHsy.jpg,https://img1.doubanio.com/icon/up1577739-80.jpg,战国客,219.0,1991,美国,动作,詹姆斯·卡梅隆  阿诺·施瓦辛格 琳达·汉密尔顿
25824686,变形金刚5：最后的骑士,2017,4.9,2.5,269648,不管怎么说，我还是超喜欢这个系列了,https://image.tmdb.org/t/p/w500/sGXRD7JU2jQqfzRkAaf11ruxGWW.jpg,https://img9.doubanio.com/icon/up114890297-16.jpg,jfflnzw,0.0,2017,美国,动作,迈克尔·贝  马克·沃尔伯格 安东尼·霍普金斯
1297223,鹿鼎记,1992,8.4,4.0,381315,邱淑贞太美太可爱了~,https://image.tmdb.org/t/p/w500/wHUgmng3fCSCVPTwdbYqdZqc3XQ.jpg,https://img1.doubanio.com/icon/up1999864-20.jpg,九尾黑猫,8.0,1992,中国香港,喜剧,王晶  周星驰 吴孟达
30174085,怒火·重案,2021,7.2,3.5,462042,谢霆锋铁血疯批这不顶？,https://image.tmdb.org/t/p/w500/wG1cLklLHazBvFEka7MJmcqY4O9.jpg,https://img3.doubanio.com/icon/up200041166-7.jpg,HHHoliday,17.0,2021,中国香港,动作,陈木胜  甄子丹 谢霆锋
1309043,金刚,2005,8.0,4.0,334711,哪个男人会为我到自由女神像上打飞机？,https://image.tmdb.org/t/p/w500/aCuhWCEysGiLnb6tl6xhGVnKytH.jpg,https://img9.doubanio.com/icon/up1925619-56.jpg,裸踝,10.0,2005,新西兰,动作,彼得·杰克逊  安迪·瑟金斯 娜奥米·沃茨
36600459,捕风追影,2025,8.1,4.0,558585,社会卷成这样 还得看两个七旬老人打架,https://image.tmdb.org/t/p/w500/o25Tk1FYQi2BLk0OEAvx2h69QvB.jpg,https://img9.doubanio.com/icon/up138486500-4.jpg,不在线上,10.0,2025,中国大陆,剧情,杨子  成龙 张子枫
26426194,巨齿鲨,2018,5.7,3.0,238121,鲨鱼你有本事往北游，到了广州我看你鱼翅还在不在,https://image.tmdb.org/t/p/w500/yv30qIRxLddRaHMId7uwWW8VD5a.jpg,https://img9.doubanio.com/icon/up167392628-5.jpg,有趣,0.0,2018,美国,动作,乔·德特杜巴  杰森·斯坦森 李冰冰
26816076,“大”人物,2019,6.4,3.0,235293,翻拍自《老手》。,https://image.tmdb.org/t/p/w500/k3WnkYjdkdgzqtXXL6pT8dWhhAm.jpg,https://img3.doubanio.com/icon/up57883709-13.jpg,影评人 杉姐,0.0,2019,中国大陆,动作,五百  王千源 包贝尔
20435622,环太平洋：雷霆再起,2018,5.4,2.5,260950,景甜，算我求你……,https://image.tmdb.org/t/p/w500/kVFL02Hf7Vgcx2HLeK6w3rldWbV.jpg,https://img9.doubanio.com/icon/up120885888-5.jpg,酸豆角,0.0,2018,英国,动作,斯蒂文·S·迪奈特  约翰·博耶加 卡莉·史派妮
25801066,西游伏妖篇,2017,5.5,3.0,369722,比周星驰的降魔篇好看,https://image.tmdb.org/t/p/w500/13931wJDAnAgjk6Y4HSvW7yz9KY.jpg,https://img3.doubanio.com/icon/up4134449-17.jpg,申由己,33.0,2017,中国大陆,喜剧,徐克  吴亦凡 林更新
2131940,魔兽,2016,7.6,4.0,327325,请接着往下拍！,https://image.tmdb.org/t/p/w500/t884a4p3cxv86Vgi58QvaLfpKta.jpg,https://img3.doubanio.com/icon/up1169348-43.jpg,隐,5.0,2016,美国,动作,邓肯·琼斯  崔维斯·费米尔 托比·凯贝尔
1306123,英雄,2002,7.7,4.0,356882,"我非常喜欢的电影,每次看到有人骂就想站出来为它说话.",https://image.tmdb.org/t/p/w500/1NBtOH3KPU9UUp1vzVHJ8qzdW88.jpg,https://img9.doubanio.com/icon/up1074067-66.jpg,寂地,4.0,2002,中国大陆,剧情,张艺谋  李连杰 梁朝伟
30171425,扫毒2：天地对决,2019,5.9,3.0,263014,地铁飙车枪战精彩，港片经典环节，太赞了,https://image.tmdb.org/t/p/w500/5lyUDO2bHMtAKWt0OPHvt0nJu7f.jpg,https://img9.doubanio.com/icon/up47740068-24.jpg,女同桌,12.0,2019,中国大陆,剧情,邱礼涛  刘德华 古天乐
27163278,速度与激情：特别行动,2019,6.3,3.0,265842,兩位主角頗有火花。,https://image.tmdb.org/t/p/w500/yaudGSH4OGSg8dW1PrTri7vVAGU.jpg,https://img9.doubanio.com/icon/up2784323-4.jpg,過客,0.0,2019,美国,喜剧,大卫·雷奇  道恩·强森 杰森·斯坦森
26309788,金刚：骷髅岛,2017,6.5,3.5,250682,好好看！金刚男子力Max！而且他都没正眼瞧过景甜一眼,https://image.tmdb.org/t/p/w500/ggru8qqYFNOXFKHoKj7DzzWwGnx.jpg,https://img3.doubanio.com/icon/up1088930-77.jpg,苏娃,0.0,2017,美国,动作,乔丹·沃格特-罗伯茨  汤姆·希德勒斯顿 塞缪尔·杰克逊
26357307,花木兰,2020,4.9,2.5,353931,70分吧，比起后边更喜欢前半段。另外刘亦菲真的很美！,https://image.tmdb.org/t/p/w500/aKrIP7asM7KZJj2QTeyMgBiXCoh.jpg,https://img3.doubanio.com/icon/up192691442-2.jpg,ICE,32.0,2020,美国,动作,妮琪·卡罗  刘亦菲 甄子丹
3097572,双子杀手,2019,6.8,3.5,347599,年度十佳，时代的幽魂。,https://image.tmdb.org/t/p/w500/fsOTJHJdERl0kOjXGW1ihgE5a4A.jpg,https://img9.doubanio.com/icon/up161104423-74.jpg,糖罐子.,6.0,2019,美国,剧情,李安  威尔·史密斯 玛丽·伊丽莎白·温斯特德
2132930,速度与激情4,2009,7.9,4.0,190833,超级惊险，长腿美女也好看,https://image.tmdb.org/t/p/w500/aCncelaICQaKKUQ7AqCTGA3nDUX.jpg,https://img1.doubanio.com/icon/up150238197-10.jpg,shield,5.0,2009,美国,动作,林诣彬  范·迪塞尔 保罗·沃克
26804147,摩天营救,2018,6.3,3.0,174813,昆凌的妆容真的蛮酷的,https://image.tmdb.org/t/p/w500/2Xderhmzrvc4ahWdIGLHiso9VwS.jpg,https://img2.doubanio.com/icon/up174108276-1.jpg,七七,0.0,2018,美国,动作,罗森·马歇尔·瑟伯  道恩·强森 内芙·坎贝尔
25919910,师父,2015,8.1,4.0,365974,在聂隐娘的动作戏里哽住的，都在师父里痛快的吐了出来,https://image.tmdb.org/t/p/w500/k39MynEwsh1dvs0OGuoAN6QYc2c.jpg,https://img3.doubanio.com/icon/up16627678-3.jpg,辣椒炒西红柿,7.0,2015,中国大陆,剧情,徐浩峰  廖凡 宋佳
1291584,杀死比尔2,2004,8.1,4.0,367376,2比1好，2才显示出了昆汀的牛比水平来。,https://image.tmdb.org/t/p/w500/hZnd71LcQXCMmL2Gf5jkKDWFisJ.jpg,https://img9.doubanio.com/icon/up1043455-216.jpg,P,4.0,2004,美国,动作,昆汀·塔伦蒂诺  乌玛·瑟曼 大卫·卡拉丁
26933210,蜘蛛侠：英雄无归,2021,6.6,3.5,376027,索尼还犹豫什么啊！《超凡3》搞起啦！！！！,https://image.tmdb.org/t/p/w500/eoF44SOZre7ATLAy5GHPzJ54iyA.jpg,https://img3.doubanio.com/icon/up143119661-3.jpg,邱小明,0.0,2021,美国,动作,乔恩·沃茨  汤姆·霍兰德 赞达亚
1307442,速度与激情2,2003,7.5,4.0,169709,来啊，一起飙车啊！速度与激情！,https://image.tmdb.org/t/p/w500/irhm0Bi4XIv8mQ7AysYp01VtaTu.jpg,https://img3.doubanio.com/icon/up162304819-2.jpg,说点什么,7.0,2003,美国,动作,约翰·辛格顿  保罗·沃克 泰瑞斯·吉布森
25890017,哥斯拉2：怪兽之王,2019,6.2,3.0,292802,男主和哥斯拉都是因自己老婆的牺牲，获得了胜利。,https://image.tmdb.org/t/p/w500/6w07oz0dyKYe3TLICneVnd9w0CQ.jpg,https://img3.doubanio.com/icon/up119617402-87.jpg,利奥波德·菲兹,0.0,2019,美国,动作,迈克尔·道赫蒂  凯尔·钱德勒 维拉·法米加
3025447,金蝉脱壳,2013,7.8,4.0,278813,叔叔们，去拉个皮好吗！,https://image.tmdb.org/t/p/w500/pP9oRWH5bmpwPWWdXHzz4RaKPsb.jpg,https://img9.doubanio.com/icon/up1865981-46.jpg,卢比,0.0,2013,美国,动作,米凯尔·哈弗斯特罗姆  西尔维斯特·史泰龙 阿诺·施瓦辛格
2132473,僵尸世界大战,2013,7.7,4.0,349814,amazing!! 僵尸们的演技太好了 辛苦了,https://image.tmdb.org/t/p/w500/jeHkPX7Wx1tRCafVqnrGs6AwFFu.jpg,https://img2.doubanio.com/icon/up47358107-21.jpg,care4444,6.0,2013,美国,动作,马克·福斯特  布拉德·皮特 米瑞·伊诺丝
10763164,扫毒,2013,7.6,4.0,299393,张家辉，一级棒！,https://image.tmdb.org/t/p/w500/9fSryyDHd2FuqjnW6emZZOUjau9.jpg,https://img9.doubanio.com/icon/up4480850-25.jpg,臭殿,6.0,2013,中国大陆,剧情,陈木胜  古天乐 张家辉
1291824,黑鹰坠落,2001,8.7,4.5,318758,看过最棒的战争片,https://image.tmdb.org/t/p/w500/rlN9lSiXp6Vw9K3UPzRGL6M1hL4.jpg,https://img3.doubanio.com/icon/up1744757-517.jpg,|,14.0,2001,美国,动作,雷德利·斯科特  乔什·哈奈特 伊万·麦克格雷格
25728006,速度与激情9,2021,5.1,2.5,217311,就是很好奇那俩哥们怎么从太空回来的,https://image.tmdb.org/t/p/w500/3Jl6fuwsoTjk9svpmanLWr8IxeG.jpg,https://img9.doubanio.com/icon/up153339583-5.jpg,睦谊日东,0.0,2021,美国,动作,林诣彬  范·迪塞尔 约翰·塞纳
1298644,赌圣,1990,7.9,4.0,229950,周星驰的电影就是好看，很有意思,https://image.tmdb.org/t/p/w500/499lpFBmfvKgqxROaP1PiUkFja5.jpg,https://img3.doubanio.com/icon/up154772096-2.jpg,西西,0.0,1990,中国香港,喜剧,元奎 刘镇伟  周星驰 张敏
2027938,神探,2007,8.5,4.5,345997,报告可真难写啊！,https://image.tmdb.org/t/p/w500/ibTR5LwBHReiljZXQvpQIFfjaFb.jpg,https://img1.doubanio.com/icon/up1130864-9.jpg,蛮爷,6.0,2007,中国香港,动作,杜琪峰 韦家辉  刘青云 安志杰
2124586,飓风营救,2008,8.3,4.0,291292,闺女，你爸比李刚还牛,https://image.tmdb.org/t/p/w500/dPbV4so9tURVmiVRrqOYSIUKbt1.jpg,https://img9.doubanio.com/icon/up3197479-16.jpg,花非花,18.0,2008,法国,剧情,皮埃尔·莫瑞尔  连姆·尼森 玛姬·格蕾斯
26996640,反贪风暴3,2018,5.7,3.0,124551,很喜欢，大咖云集，期待了好久，剧情走向很好,https://image.tmdb.org/t/p/w500/kOnhygLxqPXbg0O3ZBpfWpIlqJn.jpg,https://img2.doubanio.com/icon/up174108276-1.jpg,七七,0.0,2018,中国香港,剧情,林德禄   古天乐 张智霖
2063914,哥斯拉,2014,6.7,3.5,232655,爱上一头怪兽，可惜我的家里没有海洋……,https://image.tmdb.org/t/p/w500/zZcpMXkLPOhd7wy66U4m2RR6yvY.jpg,https://img3.doubanio.com/icon/up1240460-27.jpg,惘然,12.0,2014,美国,动作,加里斯·爱德华斯  亚伦·泰勒-约翰逊 卡梅隆·CJ·亚当斯
1306951,鹿鼎记2,1992,8.2,4.0,263303,周星星无厘头式搞笑，林青霞，邱淑贞年轻的时候真美。,https://image.tmdb.org/t/p/w500/wHUgmng3fCSCVPTwdbYqdZqc3XQ.jpg,https://img9.doubanio.com/icon/up155986723-5.jpg,梦梦梦梦,11.0,1992,中国香港,喜剧,王晶  周星驰 邱淑贞
19971676,黑衣人：全球追缉,2019,5.5,3.0,174823,本片最大亮点：黄渤,https://image.tmdb.org/t/p/w500/bvODbbLOBzS1WyonZNSL8ip1Yft.jpg,https://img9.doubanio.com/icon/up3583873-6.jpg,爱吃面条,0.0,2019,美国,喜剧,F·加里·格雷  克里斯·海姆斯沃斯 泰莎·汤普森
6424756,新蝙蝠侠,2022,7.2,3.5,330321,"好消息：罗伯特不用下海
坏消息：罗伯特不用下海",https://image.tmdb.org/t/p/w500/fE4blY5Crob2XMrYIncyY7bzp3o.jpg,https://img3.doubanio.com/icon/up191123874-47.jpg,发条晨🐾,12.0,2022,美国,剧情,马特·里夫斯  罗伯特·帕丁森 佐伊·克罗维兹
1293702,侏罗纪公园2：失落的世界,1997,7.6,4.0,172598,特效还好，情节没第一部好看,https://image.tmdb.org/t/p/w500/48rVhtrpzEuQ2C847PXW0rkOhmT.jpg,https://img2.doubanio.com/icon/up163986017-1.jpg,沉,0.0,1997,美国,动作,史蒂文·斯皮尔伯格  杰夫·高布伦 朱丽安·摩尔
1298898,暗战,1999,8.6,4.5,279592,人生能有多少次棋逢对手的快乐,https://image.tmdb.org/t/p/w500/z9ctOP9gHVqRhN3dztrYiFSAzCB.jpg,https://img3.doubanio.com/icon/up1399915-42.jpg,糯米女巫话痨蘇,7.0,1999,中国香港,剧情,杜琪峰  刘德华 刘青云
27073752,神奇女侠1984,2020,6.1,3.0,265207,女侠升级黄金圣斗士，男友换脸整容陪你过圣诞。,https://image.tmdb.org/t/p/w500/gntrKdmTtlkFRuqTqPMnfErzsGj.jpg,https://img9.doubanio.com/icon/up1107947-16.jpg,克隆小丸子,11.0,2020,美国,动作,派蒂·杰金斯  盖尔·加朵 克里斯·派恩
30433455,碟中谍7：致命清算,2023,7.6,4.0,316432,都2023年了，能让俄罗斯人就说俄罗斯语吗？,https://image.tmdb.org/t/p/w500/JLE97xzfC4gVrB0W0lswXAqRqX.jpg,https://img3.doubanio.com/icon/up138907653-3.jpg,Oliie~,14.0,2023,美国,动作,克里斯托弗·麦奎里  汤姆·克鲁斯 海莉·阿特维尔
26873582,侏罗纪世界3,2022,6.1,3.0,267988,心态逐渐变成有得看也行,https://image.tmdb.org/t/p/w500/AtUSVHQmOUF7B9IwC7GG6U3Y6Wx.jpg,https://img1.doubanio.com/icon/up52876019-8.jpg,Protein 4.0g,0.0,2022,美国,动作,科林·特莱沃若  克里斯·帕拉特 布莱丝·达拉斯·霍华德
1298443,黄飞鸿,1991,8.4,4.0,213174,一直认为他比成龙的动作大气,https://image.tmdb.org/t/p/w500/i5TRvFgbh57z8OF6qEjCB0vfJwb.jpg,https://img3.doubanio.com/icon/up1793566-1867.jpg,UrthónaD'Mors,9.0,1991,中国香港,剧情,徐克  李连杰 元彪
3338862,终结者：创世纪,2015,6.9,3.5,160510,希望州长能再多演几集。,https://image.tmdb.org/t/p/w500/l047uMUzvXKcK2yU1jr1orAvBmW.jpg,https://img1.doubanio.com/icon/up1080296-19.jpg,郭少,0.0,2015,美国,动作,阿兰·泰勒  阿诺·施瓦辛格 杰森·克拉克
10344754,毒战,2012,7.6,4.0,255910,片尾一堆男人打手枪，后来，他们全死了。,https://image.tmdb.org/t/p/w500/f0XSmGJDB84Yv853m71lV5FPWLs.jpg,https://img2.doubanio.com/icon/up1028845-41.jpg,K,6.0,2012,中国大陆,剧情,杜琪峰  孙红雷 古天乐
1297862,英雄本色2,1987,8.4,4.0,204403,哥哥死的那段...TAT,https://image.tmdb.org/t/p/w500/wnGNDKAObED2YiS86XQnK7tIK5s.jpg,https://img1.doubanio.com/icon/up1326807-460.jpg,阿朽,20.0,1987,中国香港,剧情,吴宇森  狄龙 张国荣
1465829,赤壁(上),2008,6.4,3.0,202923,我需要时刻保持冷静…,https://image.tmdb.org/t/p/w500/rSz4W70caojyBAIUaWQnifB8JXv.jpg,https://img3.doubanio.com/icon/up1005928-127.jpg,影志,16.0,2008,中国大陆,动作,吴宇森  梁朝伟 金城武
1300741,枪火,1999,8.8,4.5,264596,节奏最棒的香港电影,https://image.tmdb.org/t/p/w500/aorcY8fuuWjFvhuXDieAcFnJvNA.jpg,https://img3.doubanio.com/icon/up1094328-52.jpg,晨光荣耀,5.0,1999,中国香港,剧情,杜琪峰  吴镇宇 任达华
3445906,古墓丽影：源起之战,2018,6.0,3.0,152801,剧本虽然俗套，但是观影体验很棒。气氛营造成功。,https://image.tmdb.org/t/p/w500/roEGqXZ7I8qAT1XtgxtoEuuksgm.jpg,https://img3.doubanio.com/icon/up147584043-3.jpg,尽欢,0.0,2018,美国,动作,罗阿尔·乌索格  艾丽西亚·维坎德 吴彦祖
1304643,侏罗纪公园3,2001,7.4,3.5,138037,重温一下，再看觉得恐龙好可爱，萌萌哒,https://image.tmdb.org/t/p/w500/fTRPueNdYiQOEunFIsC0cvV50gB.jpg,https://img2.doubanio.com/icon/up174108276-1.jpg,七七,0.0,2001,美国,动作,乔·庄斯顿  山姆·尼尔 威廉·H·梅西
26661191,奇门遁甲,2017,4.4,2.0,137997,情节有点散，但是看到决战时候白虎打出来的球状带刺儿武器我忽然看懂了。白虎是猪流感，御神机是它的一段病毒编码，赤木是人流感。得到御神机的过程就是猪流感的编码跳到了人流感的RNA，融合变成H1N1。小圆是疫苗，雾隐门是免疫系统。整个过程就是徐克感冒了！,https://image.tmdb.org/t/p/w500/vlvGMtVfYyX4hQJhyIuHs3YalsK.jpg,https://img3.doubanio.com/icon/up34152743-323.jpg,п，功德变现流,0.0,2017,中国大陆,动作,袁和平  大鹏 倪妮
22266126,王牌保镖,2017,7.2,3.5,178623,爱情双响炮，漫威与DC的终极crossover。,https://image.tmdb.org/t/p/w500/oeWrygqICV6rl7cXKOkkmkxqmoo.jpg,https://img2.doubanio.com/icon/up1043499-101.jpg,Kaito,8.0,2017,美国,喜剧,帕特里克·休斯  瑞安·雷诺兹 塞缪尔·杰克逊
1418605,夜宴,2006,6.0,3.0,196961,一直很喜欢，不懂为什么豆瓣评分为毛这么低。,https://image.tmdb.org/t/p/w500/1ZmuqXvXKE4a9VR8fzGnZPugdXJ.jpg,https://img9.doubanio.com/icon/up39135131-25.jpg,苍梧之渊,14.0,2006,中国大陆,剧情,冯小刚  章子怡 葛优
25823132,暗杀,2015,8.1,4.0,243639,中韩友好靠霓虹啊,https://image.tmdb.org/t/p/w500/7E1JlkUCsP26g60IsvnpxoqAWoM.jpg,https://img3.doubanio.com/icon/up58927939-2.jpg,哦依稀,9.0,2015,韩国,剧情,崔东勋  全智贤 李政宰
1297909,A计划,1983,8.2,4.0,169838,精彩的小巷追逐战。,https://image.tmdb.org/t/p/w500/tLZAdHBxEiFuLgAMYiuBLSfbd0j.jpg,https://img9.doubanio.com/icon/up1435229-16.jpg,魏无忌,18.0,1983,中国香港,喜剧,成龙  成龙 洪金宝
20266753,警察故事2013,2013,5.9,3.0,132363,4分给刘烨，简直是帅cry了。才发现刘烨能辣么有味道。,https://image.tmdb.org/t/p/w500/kNy5zuG6lG4rsqYJ1cBZk3F61X1.jpg,https://img3.doubanio.com/icon/up51629650-57.jpg,7 。,8.0,2013,中国大陆,剧情,丁晟  成龙 刘烨
23331914,狂怒,2014,8.0,4.0,220001,“理想是和平的，历史是残暴的”——牛X,https://image.tmdb.org/t/p/w500/w66f7y4JTJQMX2s7inMDcAiLOIu.jpg,https://img3.doubanio.com/icon/up3568754-2.jpg,daangel,19.0,2014,美国,剧情,大卫·阿耶  布拉德·皮特 希亚·拉博夫
2357703,名侦探柯南：通向天国的倒计时,2001,8.7,4.5,156701,一去不复返的剧场版的巅峰之作,https://image.tmdb.org/t/p/w500/h2SXIIAtpHAyaatufOgyjSXYP5q.jpg,https://img9.doubanio.com/icon/up1041052-14.jpg,犀牛,0.0,2001,日本,动作,儿玉兼嗣  高山南 山崎和佳奈
25786077,末日崩塌,2015,7.1,3.5,179591,可能以前看的很多电影 觉得一般是因为没有在电影院看,https://image.tmdb.org/t/p/w500/fTKnbMGd80ev0fzHthBsE3ihAMP.jpg,https://img3.doubanio.com/icon/up3544594-2.jpg,低调沉没,8.0,2015,美国,动作,布拉德·佩顿  道恩·强森 亚历山德拉·达达里奥
3148748,海扁王,2010,7.6,4.0,234888,Red Mist像陈冠希。Hit Girl像徐若萱。,https://image.tmdb.org/t/p/w500/tm3sfHggFyfaF6F5IePZ7B0UZmN.jpg,https://img1.doubanio.com/icon/up1649291-29.jpg,二环养虾专业户,13.0,2010,美国,喜剧,马修·沃恩  亚伦·泰勒-约翰逊 科洛·葛蕾丝·莫瑞兹
27109633,终结者：黑暗命运,2019,6.8,3.5,177802,作为商业大片足够了，片子可以叫终结者之致命女人,https://image.tmdb.org/t/p/w500/8Qku02K9WDmeLEGBvOXWztHpqeR.jpg,https://img9.doubanio.com/icon/up173983015-6.jpg,在逃打工鹅,7.0,2019,美国,动作,蒂姆·米勒  麦肯兹·戴维斯 娜塔利娅·雷耶斯
1293792,异形2,1986,8.1,4.0,198590,都过了两个生肖周期，中国电影还没摸到卡神的脚后跟。,https://image.tmdb.org/t/p/w500/vGOJQ3gsPiVxGWTaV7bVQUY7GoX.jpg,https://img9.doubanio.com/icon/up2417319-5.jpg,看什么看,18.0,1986,美国,动作,詹姆斯·卡梅隆  西格妮·韦弗 凯莉·赫恩
1972698,守望者,2009,8.6,4.5,240348,超级英雄拍成这样已经极致了。。。,https://image.tmdb.org/t/p/w500/e8mtWNUpeMFqexCPd5eBCtbeKQc.jpg,https://img3.doubanio.com/icon/up1690193-3.jpg,洋葱地窖@@@@@@,5.0,2009,美国,动作,扎克·施奈德  帕特里克·威尔森 卡拉·古奇诺
27597250,极限职业,2019,7.8,4.0,223508,属于那种“蠢的”“低俗喜剧”，但是并不弱智，笑点密集，看完心情愉悦，而且一度非常想吃炸鸡！,https://image.tmdb.org/t/p/w500/1MPK3TkvU0jM3kZDue2NXXSO46N.jpg,https://img3.doubanio.com/icon/up28913726-22.jpg,这个假了,14.0,2019,韩国,喜剧,李炳宪  柳承龙 李荷妮
4249355,孤胆特工,2010,8.2,4.0,228006,我保证你看完一定会爱上元斌。,https://image.tmdb.org/t/p/w500/snmeVBuPZL6efWm5wk9hWnwHr8i.jpg,https://img3.doubanio.com/icon/up17220164-3.jpg,小扁,8.0,2010,韩国,剧情,李桢凡  元斌 金赛纶
3291930,赤壁(下),2009,6.4,3.0,159080,我觉得佟大为演这种傻了吧唧的孩子特靠谱,https://image.tmdb.org/t/p/w500/yymD0UDuAQbQXXUZdbCGDJpMgLj.jpg,https://img1.doubanio.com/icon/up3039625-89.jpg,郭朋克,11.0,2009,中国大陆,动作,吴宇森  梁朝伟 金城武
25933890,极盗车神,2017,7.0,3.5,174746,爱乐司机。,https://image.tmdb.org/t/p/w500/yKPzy2uBCPcvGbViIU6J5DEUy4t.jpg,https://img3.doubanio.com/icon/up1005928-127.jpg,影志,19.0,2017,英国,动作,埃德加·赖特  安塞尔·艾尔高特 凯文·史派西
3217149,忍者神龟：变种时代,2014,6.6,3.5,137628,你们看过用筷子弹钢琴的猫吗？,https://image.tmdb.org/t/p/w500/7hSfxlNwz0leEHxoeamFX8FeTy.jpg,https://img3.doubanio.com/icon/up1752908-52.jpg,谢谢你们的鱼,28.0,2014,美国,喜剧,乔纳森·里贝斯曼  梅根·福克斯 威尔·阿奈特
3006783,机械师,2011,7.3,3.5,161473,这个杀手真tm冷,https://image.tmdb.org/t/p/w500/vB3hhRricKBRcygAh35hxLcyXJW.jpg,https://img9.doubanio.com/icon/up1770641-16.jpg,穆先生.troj,0.0,2011,美国,动作,西蒙·韦斯特  杰森·斯坦森 本·福斯特
3279107,大兵小将,2010,6.9,3.5,162763,竟然比想象的要好看得多,https://image.tmdb.org/t/p/w500/pDHrfIVmZ9ijtNMMy9tfg2mnJsQ.jpg,https://img3.doubanio.com/icon/up1041702-73.jpg,wangwuwei,0.0,2010,中国大陆,喜剧,丁晟  成龙 王力宏
26602900,魔女,2018,7.7,4.0,199840,虽然装逼，但是好看啊,https://image.tmdb.org/t/p/w500/acW8ZJ9xUAaOSanK6F3EYXZTteu.jpg,https://img9.doubanio.com/icon/up1178038-4.jpg,琧婯,8.0,2018,韩国,动作,朴勋政  金多美 赵敏修
1291936,攻壳机动队,1995,9.0,4.5,219195,巴特第一次被甩。,https://image.tmdb.org/t/p/w500/lmvZpjzulqjQGgR6zcHHR74S6ZH.jpg,https://img3.doubanio.com/icon/up1360856-37.jpg,伊谢尔伦的风,244.0,1995,日本,动作,押井守  田中敦子 大塚明夫
6424814,分歧者：异类觉醒,2014,6.6,3.5,134432,洛杉矶影院的效果太棒,https://image.tmdb.org/t/p/w500/G9IGIWC146ocH2yoLu2XcVnJs0.jpg,https://img3.doubanio.com/icon/up3645516-7.jpg,septenary,1.0,2014,美国,动作,尼尔·博格  谢琳·伍德蕾 西奥·詹姆斯
35437938,名侦探柯南：万圣节的新娘,2022,7.3,3.5,203637,大概对柯南来说，不难看就约等于好看了。,https://image.tmdb.org/t/p/w500/2WC7WQ4BTID0NP0tDo7GU410ecV.jpg,https://img1.doubanio.com/icon/up11344831-50.jpg,冰雪聪明shi,0.0,2022,日本,动作,满仲劝  高山南 古谷彻
1994876,马达加斯加2：逃往非洲,2008,7.8,4.0,136160,强烈要求为企鹅特工队单独拍一片。,https://image.tmdb.org/t/p/w500/wN0dsLCJdOqyH7yiadWT9e2kM12.jpg,https://img1.doubanio.com/icon/up1411454-189.jpg,苇间疯,0.0,2008,美国,喜剧,埃里克·达尼尔 汤姆·麦格拉思  本·斯蒂勒 克里斯·洛克
1945336,通缉令,2008,7.4,3.5,192842,oh...jolie...i love jolie,https://image.tmdb.org/t/p/w500/lryWzNDsV2oVdlCXwekYjUyDjcz.jpg,https://img9.doubanio.com/icon/up1133168-45.jpg,ladybird,0.0,2008,美国,动作,提莫·贝克曼贝托夫  詹姆斯·麦卡沃伊 摩根·弗里曼
27166976,安娜,2019,7.8,4.0,207010,不要有期待，忽略那些低级bug，享受超模。,https://image.tmdb.org/t/p/w500/c7hHWJKjQvNDiwDqTpSKDaLQMs9.jpg,https://img1.doubanio.com/icon/up1663648-78.jpg,Peter Cat,4.0,2019,法国,动作,吕克·贝松  萨莎·露丝 海伦·米伦
3895511,遗落战境,2013,7.1,3.5,174972,《如何辨别真假阿汤哥——论在鼻子上横一刀的必要性》,https://image.tmdb.org/t/p/w500/tD7ga4uCyPZUdLfGFfHbadUYmF8.jpg,https://img3.doubanio.com/icon/up1005928-127.jpg,影志,0.0,2013,美国,动作,约瑟夫·科辛斯基  汤姆·克鲁斯 摩根·弗里曼
5153329,名侦探柯南：天空的遇难船,2010,7.6,4.0,113126,兰，你怎么可以和新一抢基德！,https://image.tmdb.org/t/p/w500/tm3DHt2AqYbnnsll7A2KS7s4qLy.jpg,https://img1.doubanio.com/icon/up14028906-19.jpg,栾小日,0.0,2010,日本,动作,山本泰一郎  高山南 山口胜平
30382416,毒液2,2021,5.1,2.5,210430,嘴炮让你快乐 彩蛋让你上天,https://image.tmdb.org/t/p/w500/48NJIUBRVEjInSvhYdbpPoIFif2.jpg,https://img9.doubanio.com/icon/up29189211-64.jpg,本名阳刚之气,0.0,2021,美国,动作,安迪·瑟金斯  汤姆·哈迪 伍迪·哈里森
1947549,生死狙击,2007,7.8,4.0,173355,看这片最大的感受是解气,https://image.tmdb.org/t/p/w500/oTLbDnWmPjq8qXVVAB6g0F2fbK9.jpg,https://img3.doubanio.com/icon/up1882305-32.jpg,冬贝与9-13刺青,0.0,2007,美国,剧情,安东尼·福奎阿  马克·沃尔伯格 迈克尔·佩纳
4097023,新少林寺,2011,6.2,3.0,149273,拜豆瓣所赐，这片子超过我预期,https://image.tmdb.org/t/p/w500/4SPIoXS5IOUynefvZg9Ef8DkSZ0.jpg,https://img9.doubanio.com/icon/up2607931-6.jpg,你看我不到,0.0,2011,中国大陆,剧情,陈木胜  刘德华 谢霆锋
10598440,空中营救,2014,7.6,4.0,153764,虎头蛇尾，但是好看！,https://image.tmdb.org/t/p/w500/8BTyuQYuTD4856uh1wqCdC93aYw.jpg,https://img3.doubanio.com/icon/up46572945-3.jpg,闲人江离,15.0,2014,英国,动作,佐米·希尔拉  连姆·尼森 朱丽安·摩尔
4942776,武侠,2011,6.7,3.5,170579,金城武的四川话讲得蛮好的！！！本尊帅到爆！！！,https://image.tmdb.org/t/p/w500/fu4QDdKAeCDS8pZoGauDeoTL8zw.jpg,https://img2.doubanio.com/icon/u2354582-1.jpg,iMerry,13.0,2011,中国香港,剧情,陈可辛  甄子丹 金城武
30210691,极限逃生,2019,7.5,4.0,175574,哒哒哒 哒哒 哒 哒哒哒,https://image.tmdb.org/t/p/w500/l4TEzz7X4LnsTmwZ4wVVqSeaipb.jpg,https://img3.doubanio.com/icon/up163894085-32.jpg,momo,13.0,2019,韩国,喜剧,李相槿  曹政奭 林允儿
4133814,线人,2010,7.4,3.5,155100,陆毅的出现就像是高潮前的一秒泄了,https://image.tmdb.org/t/p/w500/cS2xZadfPcefLwBVsTOQQ94p7He.jpg,https://img2.doubanio.com/icon/up1985721-61.jpg,猫,11.0,2010,中国香港,剧情,林超贤  谢霆锋 张家辉
3179706,环形使者,2012,6.9,3.5,174262,把眉毛还给囧瑟夫！,https://image.tmdb.org/t/p/w500/hvmqDLKc03floL3VTP56aTlUdRc.jpg,https://img3.doubanio.com/icon/up37214145-27.jpg,人鱼先生。,13.0,2012,美国,动作,莱恩·约翰逊  约瑟夫·高登-莱维特 布鲁斯·威利斯
1303139,玩命快递,2002,7.4,3.5,134350,男女主角是我看下去的动力！！！,https://image.tmdb.org/t/p/w500/h8WMDOTgJxcqKZhO0S7MDKyO4Cx.jpg,https://img1.doubanio.com/icon/up1786430-190.jpg,赵无眠,10.0,2002,法国,动作,路易斯·莱特里尔 元奎  杰森·斯坦森 舒淇
25955779,忍者神龟2：破影而出,2016,6.6,3.5,92421,Megan Fox甩寡姐十条大街,https://image.tmdb.org/t/p/w500/hvsPaHkNxrIQUUPrqvp3Voc7tdp.jpg,https://img9.doubanio.com/icon/up4645001-25.jpg,广末凉糕,0.0,2016,美国,喜剧,戴夫·格林  梅根·福克斯 斯蒂芬·阿梅尔
25792690,反贪风暴,2014,6.2,3.0,87522,题材和剧情都很赞20180923中秋节假期,https://image.tmdb.org/t/p/w500/y3pIY3AR0jndDeTB2NpLt6dZx98.jpg,https://img1.doubanio.com/icon/up1055848-250.jpg,Ex,0.0,2014,中国香港,剧情,林德禄   古天乐 林家栋
34610636,蚁人与黄蜂女：量子狂潮,2023,5.8,3.0,172720,回归了漫威正常水平，结尾大战足够精彩,https://image.tmdb.org/t/p/w500/2LJUlshZL9CxWcyH7CYUS1FFAx9.jpg,https://img2.doubanio.com/icon/up172032222-1.jpg,小阿呆,0.0,2023,美国,喜剧,佩顿·里德  保罗·路德 伊万杰琳·莉莉
27046740,人之怒,2021,6.7,3.5,166392,太惨了，抢运钞车都内卷成这样,https://image.tmdb.org/t/p/w500/kKXsFklIyO8ESpKdySurJ5qWpWU.jpg,https://img9.doubanio.com/icon/up1427914-54.jpg,神奇蘑菇🍄‍🟫,0.0,2021,美国,动作,盖·里奇  杰森·斯坦森 霍特·麦克卡兰尼
25757186,伦敦陷落,2016,6.3,3.0,111032,多给一星，伟大的右翼,https://image.tmdb.org/t/p/w500/ikIZPV6saTkPCSPDZ1BXvi2impx.jpg,https://img3.doubanio.com/icon/up51067589-17.jpg,Castle,0.0,2016,英国,动作,巴巴克·纳加非  杰拉德·巴特勒 艾伦·艾克哈特
22266012,全球风暴,2017,5.9,3.0,108473,主角一个没死，除了吴彦祖和冰箱里的猫ಥ_ಥ,https://image.tmdb.org/t/p/w500/hDSAmqBGYo1HJbeUq7roCpwGoJU.jpg,https://img2.doubanio.com/icon/up3961919-391.jpg,早日退休瑾朵朵,0.0,2017,美国,动作,迪安·德夫林  杰拉德·巴特勒 吉姆·斯特吉斯
26636712,蚁人2：黄蜂女现身,2018,7.2,3.5,462382,妈妈实在太美了……,https://image.tmdb.org/t/p/w500/unPR23Fhg7D5Dgp03kb6HvwmZtB.jpg,https://img3.doubanio.com/icon/up47187537-32.jpg,蚂蚁玛丽_,7.0,2018,美国,动作,佩顿·里德  保罗·路德 伊万杰琳·莉莉
6390825,黑豹,2018,6.5,3.5,473220,智者建桥，愚者筑墙。因为这句台词加一星。,https://image.tmdb.org/t/p/w500/acTeygXNYSqzuwEQlbSFplcUxQB.jpg,https://img9.doubanio.com/icon/up76407315-14.jpg,九号停机坪,16.0,2018,美国,动作,瑞恩·库格勒  查德维克·博斯曼 露皮塔·尼永奥
26931786,蜘蛛侠：英雄远征,2019,7.6,4.0,626397,猎鹰继承了美队，荷兰弟继承了钢铁侠。,https://image.tmdb.org/t/p/w500/caakun6Gu4kGS2tJMynEIQvz802.jpg,https://img3.doubanio.com/icon/up160539752-72.jpg,🍟,19.0,2019,美国,动作,乔恩·沃茨  汤姆·霍兰德 赞达亚
3075287,源代码,2011,8.6,4.5,928558,平行世界理论一定是真的，我坚定不移的相信着,https://image.tmdb.org/t/p/w500/fA6sIlutwKy4Li6O8jpK04lbXtU.jpg,https://img3.doubanio.com/icon/up1016278-17.jpg,seren,204.0,2011,美国,科幻,邓肯·琼斯  杰克·吉伦哈尔 维拉·法米加
3395373,蝙蝠侠：黑暗骑士崛起,2012,8.9,4.5,814620,"超过TDK不敢说,但永垂影史是扛扛的.",https://image.tmdb.org/t/p/w500/7xSR1G1cBx67WlAooTlwqfXRFaN.jpg,https://img3.doubanio.com/icon/up39058983-2.jpg,无殇,106.0,2012,美国,剧情,克里斯托弗·诺兰  克里斯蒂安·贝尔 汤姆·哈迪
26374197,蜘蛛侠：平行宇宙,2018,8.6,4.5,759239,千万不要当蜘蛛侠的Uncle，会没命的。,https://image.tmdb.org/t/p/w500/mc9icNYFRNSwl9PItTpVI5QmugW.jpg,https://img3.doubanio.com/icon/up1916681-237.jpg,江湖遠人,243.0,2018,美国,动作,鲍勃·佩尔西凯蒂 彼得·拉姆齐 罗德尼·罗斯曼  沙梅克·摩尔 杰克·约翰逊
3005875,2012,2009,8.0,4.0,627702,好好的灾难片被拍成了家庭冒险片,https://image.tmdb.org/t/p/w500/qp34RiSRjpfodABYuo52WefBjB7.jpg,https://img9.doubanio.com/icon/up1295915-76.jpg,SHX,5.0,2009,美国,科幻,罗兰·艾默里奇  约翰·库萨克 阿曼达·皮特
26394152,大黄蜂,2018,7.0,3.5,400287,撸猫撸狗都弱爆了，撸铁的妹子才是人生赢家。,https://image.tmdb.org/t/p/w500/gI1oQrrIq3p6qiYF0Q2kuWWmJoy.jpg,https://img9.doubanio.com/icon/up2228416-54.jpg,咖啡只喝速溶,9.0,2018,美国,动作,特拉维斯·奈特  海莉·斯坦菲尔德 小豪尔赫·兰登伯格
1794171,变形金刚,2007,8.4,4.0,544009,真适合影院看啊,https://image.tmdb.org/t/p/w500/iVYKuON6sl8pv9GA9CtOrmWayQX.jpg,https://img3.doubanio.com/icon/up1088291-302.jpg,娜嘉,16.0,2007,美国,动作,迈克尔·贝  希亚·拉博夫 梅根·福克斯
1961963,长江七号,2008,7.3,3.5,557793,"你相信我看这部片看哭了吗。
我真的太敏感。",https://image.tmdb.org/t/p/w500/v8xUyWtRrFmZ5iVEHI0pbQuxHD5.jpg,https://img3.doubanio.com/icon/up2007667-212.jpg,颜良辰,4.0,2008,中国大陆,喜剧,周星驰  周星驰 徐娇
30337388,失控玩家,2021,7.5,4.0,759806,做梦没想到美队把盾牌给了死侍。,https://image.tmdb.org/t/p/w500/gvkW39mr9ke8vpjpeYRZ8sgRbgP.jpg,https://img3.doubanio.com/icon/up139333573-23.jpg,陳顏,38.0,2021,美国,喜剧,肖恩·利维  瑞安·雷诺兹 朱迪·科默
25765735,金刚狼3：殊死一战,2017,8.3,4.0,447243,查尔斯：扎心了，老铁。,https://image.tmdb.org/t/p/w500/5qF3eQAscmbK1moNhnufVIGdN1N.jpg,https://img9.doubanio.com/icon/up61212508-24.jpg,明安,2.0,2017,美国,剧情,詹姆斯·曼高德  休·杰克曼 帕特里克·斯图尔特
25786060,X战警：天启,2016,7.7,4.0,401211,天启睡醒了一起来就学习 这种臭学霸死的活该,https://image.tmdb.org/t/p/w500/ckN9JuF0ROEbGbZfQeD3dP1Dj2P.jpg,https://img9.doubanio.com/icon/up30630365-4.jpg,Bill 2.0,22.0,2016,美国,动作,布莱恩·辛格  詹姆斯·麦卡沃伊 迈克尔·法斯宾德
10440138,侏罗纪世界,2015,7.8,4.0,472370,星爵被迅猛龙围攻的时候，老觉得他要开始跳舞了,https://image.tmdb.org/t/p/w500/a30pAdpCBnuA8CVAxM5hHPsetX3.jpg,https://img3.doubanio.com/icon/up7542909-93.jpg,翻滚吧！蛋堡,39.0,2015,美国,动作,科林·特莱沃若  克里斯·帕拉特 布莱丝·达拉斯·霍华德
1306612,蜘蛛侠,2002,8.1,4.0,416761,我需要被猴子咬一口，然后变成孙悟空！！,https://image.tmdb.org/t/p/w500/325ufCzYxTZg45Bwaawlna3zcUC.jpg,https://img9.doubanio.com/icon/up155986723-5.jpg,梦梦梦梦,34.0,2002,美国,动作,山姆·雷米  托比·马奎尔 威廉·达福
4811774,阿凡达：水之道,2022,7.8,4.0,676068,《阿凡达2》：从张家界到马尔代夫,https://image.tmdb.org/t/p/w500/az6FndKaR11uuxnRQucKJ2mmglg.jpg,https://img3.doubanio.com/icon/up113309050-3.jpg,Sediment,31.0,2022,美国,动作,詹姆斯·卡梅隆  萨姆·沃辛顿 佐伊·索尔达娜
3168089,X战警：第一战,2011,8.2,4.0,355122,为什么不吻他啊混蛋！！！！！！！！！,https://image.tmdb.org/t/p/w500/2ANxv25xdvO1epNslQMVAZNAcXi.jpg,https://img9.doubanio.com/icon/up47069235-6.jpg,张简妮,0.0,2011,美国,剧情,马修·沃恩  詹姆斯·麦卡沃伊 迈克尔·法斯宾德
4746257,明日边缘,2014,8.2,4.0,524251,胜败乃兵家常事，大侠请重新来过。,https://image.tmdb.org/t/p/w500/pBmA5w8lPl2eXW6FQ7Jgj0P2yI4.jpg,https://img1.doubanio.com/icon/up2849243-110.jpg,shininglove,26.0,2014,美国,动作,道格·里曼  汤姆·克鲁斯 艾米莉·布朗特
2146991,变形金刚2,2009,7.8,4.0,398436,美国人已经是外星人了,https://image.tmdb.org/t/p/w500/3toc3U1fd16gOLaEJEQJYYusOk9.jpg,https://img9.doubanio.com/icon/up1684901-26.jpg,.od.,15.0,2009,美国,动作,迈克尔·贝  希亚·拉博夫 梅根·福克斯
2129132,超凡蜘蛛侠,2012,7.8,4.0,369925,五星打给本色出演又萌又帅身材好屁股翘的加菲,https://image.tmdb.org/t/p/w500/ppwZ5K8743c5iGEPsqCSCvlpy13.jpg,https://img2.doubanio.com/icon/up1144914-11.jpg,一只阁子,0.0,2012,美国,动作,马克·韦布  安德鲁·加菲尔德 艾玛·斯通
3006772,第九区,2009,8.4,4.0,507933,人家也只是想回家。,https://image.tmdb.org/t/p/w500/dkEHEwOGvOiBko9wjO03We2ipZN.jpg,https://img1.doubanio.com/icon/up2044882-358.jpg,░▒▓██,20.0,2009,美国,剧情,尼尔·布洛姆坎普  沙尔托·科普雷 詹森·库伯
1302827,人工智能,2001,8.7,4.5,504174,那只熊在自己缝自己！！,https://image.tmdb.org/t/p/w500/gcg2f4ALMs5ohU4ksjf1XofNvSm.jpg,https://img9.doubanio.com/icon/up1074038-144.jpg,它它爱妮鸡,224.0,2001,美国,剧情,史蒂文·斯皮尔伯格  海利·乔·奥斯蒙 弗兰西丝·奥康纳
3071441,雪国列车,2013,7.6,4.0,506368,北极熊内心OS：老子找了这么久终于找到食物了（。,https://image.tmdb.org/t/p/w500/gl3QU39qwkoFh43t9HjHzS1GzVE.jpg,https://img3.doubanio.com/icon/up62407145-152.jpg,J U D E,13.0,2013,韩国,剧情,奉俊昊  克里斯·埃文斯 宋康昊
1309069,蝙蝠侠：侠影之谜,2005,8.6,4.5,464053,为什么我这么喜欢稻草人。。。。为什么！！！,https://image.tmdb.org/t/p/w500/VwksWozHDudb7i1XBQBYeEfxiP.jpg,https://img1.doubanio.com/icon/up2889558-1129.jpg,A L E X,13.0,2005,美国,剧情,克里斯托弗·诺兰  克里斯蒂安·贝尔 迈克尔·凯恩
21324900,降临,2016,7.8,4.0,524689,“大豆价格将第三个月继续下跌。”,https://image.tmdb.org/t/p/w500/9ontErpaTQ5m3EuAHiIElP90xjg.jpg,https://img1.doubanio.com/icon/up3830249-160.jpg,猪大腿,37.0,2016,美国,剧情,丹尼斯·维伦纽瓦  艾米·亚当斯 杰瑞米·雷纳
1865703,红辣椒,2006,9.0,4.5,570154,极其喜欢游行部分的画面和音乐，虽然满诡异的，呵呵,https://image.tmdb.org/t/p/w500/A2FxDzK0To90Iw2gQxCkyeSYO3u.jpg,https://img3.doubanio.com/icon/up1043408-13.jpg,布宜諾斯,98.0,2006,日本,科幻,今敏  林原惠美 江守彻
3610047,变形金刚3,2011,7.3,3.5,370485,我国国产品牌联想和伊利发来贺电。,https://image.tmdb.org/t/p/w500/ia6SDGv51Is6kdcjHtcpFEoxN2G.jpg,https://img9.doubanio.com/icon/up1988492-85.jpg,楚仙,13.0,2011,美国,动作,迈克尔·贝  希亚·拉博夫 罗茜·汉丁顿-惠特莉
3793783,地心引力,2013,7.9,4.0,469595,克鲁尼演巴斯光年演得太好了,https://image.tmdb.org/t/p/w500/8iPnmXqknVGlDmhhJvp41QIrSd0.jpg,https://img9.doubanio.com/icon/up1971540-25.jpg,Lies of Lies,6.0,2013,英国,科幻,阿方索·卡隆  桑德拉·布洛克 乔治·克鲁尼
7054604,变形金刚4：绝迹重生,2014,6.7,3.5,351108,感觉比123部加起来都屌。。。,https://image.tmdb.org/t/p/w500/8tYzHXLVKeeAfUPZotTuh6SXqhK.jpg,https://img3.doubanio.com/icon/up63144138-2.jpg,与魔鬼同行,4.0,2014,美国,动作,迈克尔·贝  马克·沃尔伯格 斯坦利·图齐
26258779,银河护卫队3,2023,8.3,4.0,581164,动森岛建不理想只能炸岛 害,https://image.tmdb.org/t/p/w500/jMT8lBFvumcwSszkMJ31ebSop5U.jpg,https://img1.doubanio.com/icon/up51435556-8.jpg,R人民艺术家,19.0,2023,美国,喜剧,詹姆斯·古恩  克里斯·帕拉特 佐伊·索尔达娜
1305724,X战警2,2003,7.7,4.0,250447,金刚狼和独眼龙终于可以在一起了,https://image.tmdb.org/t/p/w500/1nEJgL63vbmVap8d50zhB6yziFp.jpg,https://img2.doubanio.com/icon/up3410472-121.jpg,葱,0.0,2003,美国,动作,布莱恩·辛格  休·杰克曼 帕特里克·斯图尔特
6722879,她,2013,8.4,4.0,495262,饮爱情之鸩，止孤独之渴。得片刻清凉，获无限烦恼。,https://image.tmdb.org/t/p/w500/bSNrzFnI6JMgUd6Ce9gEgSxxY2V.jpg,https://img1.doubanio.com/icon/up1329080-10.jpg,芦哲峰,24.0,2013,美国,剧情,斯派克·琼斯  华金·菲尼克斯 斯嘉丽·约翰逊
1308570,蜘蛛侠2,2004,7.9,4.0,312896,最好的一部，重新定义了漫画英雄电影。,https://image.tmdb.org/t/p/w500/30jXHJEB1xaxopoWiad9KaU79ri.jpg,https://img3.doubanio.com/icon/up45641610-37.jpg,陀螺凡达可,9.0,2004,美国,动作,山姆·雷米  托比·马奎尔 克尔斯滕·邓斯特
1291844,终结者2：审判日,1991,8.8,4.5,387186,少见的超越首部的续集，动作片中的经典~~,https://image.tmdb.org/t/p/w500/OA6oYh2CwTrWXTjGDIIs8MUHsy.jpg,https://img1.doubanio.com/icon/up1577739-80.jpg,战国客,219.0,1991,美国,动作,詹姆斯·卡梅隆  阿诺·施瓦辛格 琳达·汉密尔顿
25824686,变形金刚5：最后的骑士,2017,4.9,2.5,269648,不管怎么说，我还是超喜欢这个系列了,https://image.tmdb.org/t/p/w500/sGXRD7JU2jQqfzRkAaf11ruxGWW.jpg,https://img9.doubanio.com/icon/up114890297-16.jpg,jfflnzw,0.0,2017,美国,动作,迈克尔·贝  马克·沃尔伯格 安东尼·霍普金斯
1937946,穿越时空的少女,2006,8.6,4.5,430869,她有一条神奇的永远不会走光的短裙!,https://image.tmdb.org/t/p/w500/sCq4vLa8p3Gd8nonIehqukbIi90.jpg,https://img9.doubanio.com/icon/up1074038-144.jpg,它它爱妮鸡,18.0,2006,日本,剧情,细田守  仲里依纱 石田卓也
26426194,巨齿鲨,2018,5.7,3.0,238121,鲨鱼你有本事往北游，到了广州我看你鱼翅还在不在,https://image.tmdb.org/t/p/w500/yv30qIRxLddRaHMId7uwWW8VD5a.jpg,https://img9.doubanio.com/icon/up167392628-5.jpg,有趣,0.0,2018,美国,动作,乔·德特杜巴  杰森·斯坦森 李冰冰
20435622,环太平洋：雷霆再起,2018,5.4,2.5,260951,景甜，算我求你……,https://image.tmdb.org/t/p/w500/kVFL02Hf7Vgcx2HLeK6w3rldWbV.jpg,https://img9.doubanio.com/icon/up120885888-5.jpg,酸豆角,0.0,2018,英国,动作,斯蒂文·S·迪奈特  约翰·博耶加 卡莉·史派妮
3530403,云图,2012,8.1,4.0,414995,给结尾的奇葩演员表跪下了,https://image.tmdb.org/t/p/w500/gW9tzCcHpbjt9ZdpNC3QN96xS2S.jpg,https://img1.doubanio.com/icon/up3914102-9.jpg,土匪煎,35.0,2012,美国,剧情,汤姆·提克威 拉娜·沃卓斯基 莉莉·沃卓斯基  汤姆·汉克斯 哈莉·贝瑞
1292226,2001太空漫游,1968,8.9,4.5,397970,这不是照着剧本拍的，而是曲谱,https://image.tmdb.org/t/p/w500/bO7J2LmtDYLyyBoOBeioYjp0VPl.jpg,https://img9.doubanio.com/icon/up1850420-144.jpg,袁牧,182.0,1968,英国,科幻,斯坦利·库布里克  凯尔·杜拉 加里·洛克伍德
3097572,双子杀手,2019,6.8,3.5,347599,年度十佳，时代的幽魂。,https://image.tmdb.org/t/p/w500/fsOTJHJdERl0kOjXGW1ihgE5a4A.jpg,https://img9.doubanio.com/icon/up161104423-74.jpg,糖罐子.,6.0,2019,美国,剧情,李安  威尔·史密斯 玛丽·伊丽莎白·温斯特德
1945330,迷雾,2007,8.1,4.0,388040,结尾真是神来之笔,https://image.tmdb.org/t/p/w500/h7bb3HpX45o1Cre9XLmRArEPXMb.jpg,https://img1.doubanio.com/icon/up1182135-29.jpg,艾小柯,10.0,2007,美国,科幻,弗兰克·德拉邦特  托马斯·简 马西娅·盖伊·哈登
26933210,蜘蛛侠：英雄无归,2021,6.6,3.5,376027,索尼还犹豫什么啊！《超凡3》搞起啦！！！！,https://image.tmdb.org/t/p/w500/eoF44SOZre7ATLAy5GHPzJ54iyA.jpg,https://img3.doubanio.com/icon/up143119661-3.jpg,邱小明,0.0,2021,美国,动作,乔恩·沃茨  汤姆·霍兰德 赞达亚
25890017,哥斯拉2：怪兽之王,2019,6.2,3.0,292802,男主和哥斯拉都是因自己老婆的牺牲，获得了胜利。,https://image.tmdb.org/t/p/w500/6w07oz0dyKYe3TLICneVnd9w0CQ.jpg,https://img3.doubanio.com/icon/up119617402-87.jpg,利奥波德·菲兹,0.0,2019,美国,动作,迈克尔·道赫蒂  凯尔·钱德勒 维拉·法米加
1300868,异形,1979,8.3,4.0,319806,女人和猫才是生命力最顽强的生物。,https://image.tmdb.org/t/p/w500/62Z3qXj2X3b3f97CIjKaran2wAV.jpg,https://img1.doubanio.com/icon/up63688511-18.jpg,朝暮雪,8.0,1979,英国,科幻,雷德利·斯科特  西格妮·韦弗 汤姆·斯凯里特
2132473,僵尸世界大战,2013,7.7,4.0,349814,amazing!! 僵尸们的演技太好了 辛苦了,https://image.tmdb.org/t/p/w500/jeHkPX7Wx1tRCafVqnrGs6AwFFu.jpg,https://img2.doubanio.com/icon/up47358107-21.jpg,care4444,6.0,2013,美国,动作,马克·福斯特  布拉德·皮特 米瑞·伊诺丝
1300117,千钧一发,1997,8.8,4.5,351956,长伊桑霍克这样的被认为是基因差……,https://image.tmdb.org/t/p/w500/pKtirbfjgx9myanD7ERNvsFYvJU.jpg,https://img1.doubanio.com/icon/up4640303-158.jpg,根,225.0,1997,美国,剧情,安德鲁·尼科尔  伊桑·霍克 乌玛·瑟曼
34805219,饥饿站台,2019,7.9,4.0,349701,带充气泳池是最明智的选择,https://image.tmdb.org/t/p/w500/1NGw9UxAX9kX89bcBNqQ101DNjZ.jpg,https://img2.doubanio.com/icon/up141218260-31.jpg,𝕍𝕒𝕝𝕒𝕣𝕞𝕠𝕣𝕘𝕙𝕦𝕝𝕚𝕤,9.0,2019,西班牙,科幻,加尔德·加兹特鲁·乌鲁蒂亚  伊万·马萨格 佐伦·伊格
2063914,哥斯拉,2014,6.7,3.5,232655,爱上一头怪兽，可惜我的家里没有海洋……,https://image.tmdb.org/t/p/w500/zZcpMXkLPOhd7wy66U4m2RR6yvY.jpg,https://img3.doubanio.com/icon/up1240460-27.jpg,惘然,12.0,2014,美国,动作,加里斯·爱德华斯  亚伦·泰勒-约翰逊 卡梅隆·CJ·亚当斯
19971676,黑衣人：全球追缉,2019,5.5,3.0,174824,本片最大亮点：黄渤,https://image.tmdb.org/t/p/w500/bvODbbLOBzS1WyonZNSL8ip1Yft.jpg,https://img9.doubanio.com/icon/up3583873-6.jpg,爱吃面条,0.0,2019,美国,喜剧,F·加里·格雷  克里斯·海姆斯沃斯 泰莎·汤普森
1291839,银翼杀手,1982,8.6,4.5,307627,这哪像1982年拍的？,https://image.tmdb.org/t/p/w500/bLxQbj7fpVoVLX01qrYXpAD4jNP.jpg,https://img3.doubanio.com/icon/up92468807-23.jpg,Jeannels,19.0,1982,美国,科幻,雷德利·斯科特  哈里森·福特 鲁格·豪尔
1293702,侏罗纪公园2：失落的世界,1997,7.6,4.0,172598,特效还好，情节没第一部好看,https://image.tmdb.org/t/p/w500/48rVhtrpzEuQ2C847PXW0rkOhmT.jpg,https://img2.doubanio.com/icon/up163986017-1.jpg,沉,0.0,1997,美国,动作,史蒂文·斯皮尔伯格  杰夫·高布伦 朱丽安·摩尔
26873582,侏罗纪世界3,2022,6.1,3.0,267990,心态逐渐变成有得看也行,https://image.tmdb.org/t/p/w500/AtUSVHQmOUF7B9IwC7GG6U3Y6Wx.jpg,https://img1.doubanio.com/icon/up52876019-8.jpg,Protein 4.0g,0.0,2022,美国,动作,科林·特莱沃若  克里斯·帕拉特 布莱丝·达拉斯·霍华德
3338862,终结者：创世纪,2015,6.9,3.5,160510,希望州长能再多演几集。,https://image.tmdb.org/t/p/w500/l047uMUzvXKcK2yU1jr1orAvBmW.jpg,https://img1.doubanio.com/icon/up1080296-19.jpg,郭少,0.0,2015,美国,动作,阿兰·泰勒  阿诺·施瓦辛格 杰森·克拉克
3073124,月球,2009,8.5,4.5,295607,由帝国主义的抠门引出的人性礼赞,https://image.tmdb.org/t/p/w500/mKiBfGkcBu32FO21zTXIZ75vlvB.jpg,https://img1.doubanio.com/icon/up1468297-530.jpg,Eudemonia,16.0,2009,英国,剧情,邓肯·琼斯  山姆·洛克威尔 凯文·史派西
1304643,侏罗纪公园3,2001,7.4,3.5,138038,重温一下，再看觉得恐龙好可爱，萌萌哒,https://image.tmdb.org/t/p/w500/fTRPueNdYiQOEunFIsC0cvV50gB.jpg,https://img2.doubanio.com/icon/up174108276-1.jpg,七七,0.0,2001,美国,动作,乔·庄斯顿  山姆·尼尔 威廉·H·梅西
20278505,前目的地,2014,8.0,4.0,241560,莱昂纳多与伊桑霍克共同出演,https://image.tmdb.org/t/p/w500/r62Lrlvcd8Bev1fqjEvseEil48H.jpg,https://img2.doubanio.com/icon/up1032989-51.jpg,桃桃林林,14.0,2014,澳大利亚,科幻,迈克尔·斯派瑞 彼得·斯派瑞  伊桑·霍克 莎拉·斯努克
27109633,终结者：黑暗命运,2019,6.8,3.5,177802,作为商业大片足够了，片子可以叫终结者之致命女人,https://image.tmdb.org/t/p/w500/8Qku02K9WDmeLEGBvOXWztHpqeR.jpg,https://img9.doubanio.com/icon/up173983015-6.jpg,在逃打工鹅,7.0,2019,美国,动作,蒂姆·米勒  麦肯兹·戴维斯 娜塔利娅·雷耶斯
1293792,异形2,1986,8.1,4.0,198590,都过了两个生肖周期，中国电影还没摸到卡神的脚后跟。,https://image.tmdb.org/t/p/w500/vGOJQ3gsPiVxGWTaV7bVQUY7GoX.jpg,https://img9.doubanio.com/icon/up2417319-5.jpg,看什么看,18.0,1986,美国,动作,詹姆斯·卡梅隆  西格妮·韦弗 凯莉·赫恩
1972698,守望者,2009,8.6,4.5,240348,超级英雄拍成这样已经极致了。。。,https://image.tmdb.org/t/p/w500/e8mtWNUpeMFqexCPd5eBCtbeKQc.jpg,https://img3.doubanio.com/icon/up1690193-3.jpg,洋葱地窖@@@@@@,5.0,2009,美国,动作,扎克·施奈德  帕特里克·威尔森 卡拉·古奇诺
1305903,心慌方,1997,7.9,4.0,236471,一部隐喻性极强的电影。空间、人性、政治、环境~~,https://image.tmdb.org/t/p/w500/57kBLxe4PDsZM7s8oHaUFNpYDrD.jpg,https://img1.doubanio.com/icon/up1577739-80.jpg,战国客,2.0,1997,加拿大,科幻,文森佐·纳塔利  妮可·德波儿 妮基·瓜达尼
2364086,隐形人,2020,7.1,3.5,227147,那泼漆浇到了点子上,https://image.tmdb.org/t/p/w500/rFgVc8H1EpG0Vust60iFx1sCSl1.jpg,https://img3.doubanio.com/icon/up1005928-127.jpg,影志,6.0,2020,加拿大,科幻,雷·沃纳尔  伊丽莎白·莫斯 奥利弗·杰克逊-科恩
3217149,忍者神龟：变种时代,2014,6.6,3.5,137628,你们看过用筷子弹钢琴的猫吗？,https://image.tmdb.org/t/p/w500/7hSfxlNwz0leEHxoeamFX8FeTy.jpg,https://img3.doubanio.com/icon/up1752908-52.jpg,谢谢你们的鱼,28.0,2014,美国,喜剧,乔纳森·里贝斯曼  梅根·福克斯 威尔·阿奈特
26642033,小黄人大眼萌：神偷奶爸前传,2022,7.2,3.5,180617,小黄人们：🥺🥺🥺 全场：awwwww🥰💕,https://image.tmdb.org/t/p/w500/iqUkHMNMRsEQS5NgUEisBds53qq.jpg,https://img9.doubanio.com/icon/up60922034-34.jpg,清弥,0.0,2022,美国,喜剧,凯尔·巴尔达 布拉德·埃布尔森 乔纳森·德尔瓦尔  史蒂夫·卡瑞尔 皮埃尔·柯芬
1291936,攻壳机动队,1995,9.0,4.5,219195,巴特第一次被甩。,https://image.tmdb.org/t/p/w500/lmvZpjzulqjQGgR6zcHHR74S6ZH.jpg,https://img3.doubanio.com/icon/up1360856-37.jpg,伊谢尔伦的风,244.0,1995,日本,动作,押井守  田中敦子 大塚明夫
6424814,分歧者：异类觉醒,2014,6.6,3.5,134432,洛杉矶影院的效果太棒,https://image.tmdb.org/t/p/w500/G9IGIWC146ocH2yoLu2XcVnJs0.jpg,https://img3.doubanio.com/icon/up3645516-7.jpg,septenary,1.0,2014,美国,动作,尼尔·博格  谢琳·伍德蕾 西奥·詹姆斯
26718838,异星觉醒,2017,6.5,3.5,160223,这则故事告诉我们学好英语多重要 别人都说no no no了,https://image.tmdb.org/t/p/w500/gAohJsIiZnHxIPFj1LVvtGZLpxb.jpg,https://img9.doubanio.com/icon/up30630365-4.jpg,Bill 2.0,0.0,2017,美国,科幻,丹尼尔·伊斯皮诺萨  杰克·吉伦哈尔 丽贝卡·弗格森
3895511,遗落战境,2013,7.1,3.5,174972,《如何辨别真假阿汤哥——论在鼻子上横一刀的必要性》,https://image.tmdb.org/t/p/w500/tD7ga4uCyPZUdLfGFfHbadUYmF8.jpg,https://img3.doubanio.com/icon/up1005928-127.jpg,影志,0.0,2013,美国,动作,约瑟夫·科辛斯基  汤姆·克鲁斯 摩根·弗里曼
30382416,毒液2,2021,5.1,2.5,210430,嘴炮让你快乐 彩蛋让你上天,https://image.tmdb.org/t/p/w500/48NJIUBRVEjInSvhYdbpPoIFif2.jpg,https://img9.doubanio.com/icon/up29189211-64.jpg,本名阳刚之气,0.0,2021,美国,动作,安迪·瑟金斯  汤姆·哈迪 伍迪·哈里森
30206311,寂静之地2,2021,6.4,3.0,182020,每个某地电影院都应该配一只这样的怪物,https://image.tmdb.org/t/p/w500/ak8Avp5PR15Vzh2JP5BoDAt0sFr.jpg,https://img3.doubanio.com/icon/up35441348-103.jpg,黑胡椒,0.0,2021,美国,科幻,约翰·卡拉辛斯基  艾米莉·布朗特 基里安·墨菲
3908423,夏日大作战,2009,8.5,4.5,189693,人生最糟糕的事，一个是饿肚子，一个是孤独。,https://image.tmdb.org/t/p/w500/wtbOOnyVFODkSJDsppjz5nBah96.jpg,https://img9.doubanio.com/icon/up1037369-16.jpg,流河夏树,2.0,2009,日本,喜剧,细田守  神木隆之介 宫内瞳
3101548,天才眼镜狗,2014,7.7,4.0,109084,皮博迪先生就是“汪星人”里的都敏俊xi！,https://image.tmdb.org/t/p/w500/q3kzJ9mIe59BQdRqKJNX3lTFBva.jpg,https://img2.doubanio.com/icon/up3818241-51.jpg,Ashley,0.0,2014,美国,喜剧,罗伯·明可夫  泰·布利尔 麦克斯·查尔斯
3179706,环形使者,2012,6.9,3.5,174262,把眉毛还给囧瑟夫！,https://image.tmdb.org/t/p/w500/hvmqDLKc03floL3VTP56aTlUdRc.jpg,https://img3.doubanio.com/icon/up37214145-27.jpg,人鱼先生。,13.0,2012,美国,动作,莱恩·约翰逊  约瑟夫·高登-莱维特 布鲁斯·威利斯
25955779,忍者神龟2：破影而出,2016,6.6,3.5,92421,Megan Fox甩寡姐十条大街,https://image.tmdb.org/t/p/w500/hvsPaHkNxrIQUUPrqvp3Voc7tdp.jpg,https://img9.doubanio.com/icon/up4645001-25.jpg,广末凉糕,0.0,2016,美国,喜剧,戴夫·格林  梅根·福克斯 斯蒂芬·阿梅尔
34610636,蚁人与黄蜂女：量子狂潮,2023,5.8,3.0,172720,回归了漫威正常水平，结尾大战足够精彩,https://image.tmdb.org/t/p/w500/2LJUlshZL9CxWcyH7CYUS1FFAx9.jpg,https://img2.doubanio.com/icon/up172032222-1.jpg,小阿呆,0.0,2023,美国,喜剧,佩顿·里德  保罗·路德 伊万杰琳·莉莉
22266012,全球风暴,2017,5.9,3.0,108473,主角一个没死，除了吴彦祖和冰箱里的猫ಥ_ಥ,https://image.tmdb.org/t/p/w500/hDSAmqBGYo1HJbeUq7roCpwGoJU.jpg,https://img2.doubanio.com/icon/up3961919-391.jpg,早日退休瑾朵朵,0.0,2017,美国,动作,迪安·德夫林  杰拉德·巴特勒 吉姆·斯特吉斯
1307547,星际宝贝,2002,8.6,4.5,89766,我有史迪仔的娃娃！,https://image.tmdb.org/t/p/w500/yFEpg0Tr4aekbvwFEc0rF3wtQ5E.jpg,https://img9.doubanio.com/icon/up155986723-5.jpg,梦梦梦梦,2.0,2002,美国,喜剧,克里斯·桑德斯 迪恩·戴布洛伊  黛维·切斯 克里斯·桑德斯
1297785,星球大战前传2：克隆人的进攻,2002,8.1,4.0,113551,六部里最不好看的一部。,https://image.tmdb.org/t/p/w500/bIyjeVTInXWiO8JZxMRypu1XGMq.jpg,https://img9.doubanio.com/icon/up1365397-136.jpg,A-sun*,0.0,2002,美国,动作,乔治·卢卡斯  伊万·麦克格雷格 娜塔莉·波特曼
3742937,超级战舰,2012,6.7,3.5,139324,外星人也好可怜呢，回不了家了。。。,https://image.tmdb.org/t/p/w500/vgvz5xNVpgcB0VjAGHhVEuXH3XE.jpg,https://img9.doubanio.com/icon/up3146320-16.jpg,林夕の辞,15.0,2012,美国,动作,彼得·博格  泰勒·克奇 浅野忠信
1299092,回到未来2,1989,8.5,4.5,133059,回到未来三部曲是我心中永恒经典,https://image.tmdb.org/t/p/w500/gUuzd7UqJyhFW69T6GTDXrmnfJN.jpg,https://img1.doubanio.com/icon/up2254558-8.jpg,蚂蚁没问题,0.0,1989,美国,喜剧,罗伯特·泽米吉斯  迈克尔·J·福克斯 克里斯托弗·洛伊德
30167997,黑豹2,2022,5.4,2.5,151443,仿佛看了一部两个多小时的《阿凡达2：水之道》预告片,https://image.tmdb.org/t/p/w500/7JVincyDvrAkVnCmjwYc4HWiDzX.jpg,https://img3.doubanio.com/icon/up169964123-2.jpg,新骑士,8.0,2022,美国,剧情,瑞恩·库格勒  莱蒂希娅·赖特 露皮塔·尼永奥
25794212,分歧者2：绝地反击,2015,6.1,3.0,80764,艾玛！男主好帅，颜值身材都棒棒哒！期待第三部了啊,https://image.tmdb.org/t/p/w500/tYoLXKN0kXaTgsYiGHnk8gD7zKP.jpg,https://img3.doubanio.com/icon/up66930702-3.jpg,Jingsi,2.0,2015,美国,动作,罗伯特·斯文克  谢琳·伍德蕾 西奥·詹姆斯
2354729,神秘代码,2009,6.8,3.5,140748,前段惊悚片，后段科幻片。特效不错。,https://image.tmdb.org/t/p/w500/oL8faEuALmzTHMJTnWUz6rh55fX.jpg,https://img9.doubanio.com/icon/up1295915-76.jpg,SHX,16.0,2009,美国,剧情,亚历克斯·普罗亚斯  尼古拉斯·凯奇 钱德勒·坎特布瑞
22265687,星球大战9：天行者崛起,2019,6.2,3.0,110207,凯·洛伦：你拯救世界我拯救你,https://image.tmdb.org/t/p/w500/tQ5gSCS4h1QygtDnwCoOYi3YIva.jpg,https://img3.doubanio.com/icon/up161543118-32.jpg,AdolfLuo,35.0,2019,美国,动作,J·J·艾布拉姆斯  黛西·雷德利 亚当·德赖弗
34882958,巨齿鲨2：深渊,2023,5.0,2.5,151553,爽到我了！！看的IMAX，非常推荐🥹🥹,https://image.tmdb.org/t/p/w500/p7DU8UIiHorYmlOp0n93gL239Id.jpg,https://img3.doubanio.com/icon/up35419866-587.jpg,兰 希,0.0,2023,美国,动作,本·维特利   杰森·斯坦森 吴京
4301043,传染病,2011,7.1,3.5,154943,神他妈初看不知片中意再看已是片中人。,https://image.tmdb.org/t/p/w500/o0jpQ9VEKsUBwU4aPkr93ZpHXh5.jpg,https://img3.doubanio.com/icon/up4642756-33.jpg,Tommy,10.0,2011,美国,剧情,史蒂文·索德伯格  玛丽昂·歌迪亚 马特·达蒙
4014396,神奇四侠2015,2015,4.8,2.5,54348,我觉得还可以啊,https://image.tmdb.org/t/p/w500/2YDBLAWfeeERBAf06bEA7IbEbwI.jpg,https://img1.doubanio.com/icon/up38169472-8.jpg,tuckme,30.0,2015,美国,动作,乔什·特兰克  迈尔斯·特勒 凯特·玛拉
1296666,回到未来3,1990,8.6,4.5,115738,回到未来三部曲是我心中永恒经典,https://image.tmdb.org/t/p/w500/x2g9y6MHwuslZmDuKgrX1tRAbci.jpg,https://img1.doubanio.com/icon/up2254558-8.jpg,蚂蚁没问题,0.0,1990,美国,喜剧,罗伯特·泽米吉斯  迈克尔·J·福克斯 克里斯托弗·洛伊德
2037833,地心历险记,2008,6.9,3.5,86777,一星给翻拍，一星给布兰登，一星给3D特效。。,https://image.tmdb.org/t/p/w500/bO93bLcKDURjRsFZM7QpRjG2v1q.jpg,https://img9.doubanio.com/icon/up46180980-6.jpg,EVA_征服天堂,0.0,2008,美国,动作,埃里克·布雷维格  布兰登·费舍 乔什·哈切森
1295647,超时空接触,1997,8.4,4.0,131466,科幻经典，穿越时光隧道的那段很恢宏很惊艳,https://image.tmdb.org/t/p/w500/7Cxh6xfhRMAFkzo5JfvdUuBc5Gh.jpg,https://img9.doubanio.com/icon/up1038634-4.jpg,白开水,0.0,1997,美国,剧情,罗伯特·泽米吉斯  朱迪·福斯特 吉娜·马隆
1295292,哥斯拉,1998,7.2,3.5,88043,重量级的怪兽片经典，20年内无人能够超越！,https://image.tmdb.org/t/p/w500/t0awq0UYODuVZdJ5JFcauZsK3dy.jpg,https://img2.doubanio.com/icon/up2295575-11.jpg,透明,13.0,1998,美国,动作,罗兰·艾默里奇  马修·布罗德里克 让·雷诺
3077742,机械战警,2014,6.4,3.0,92804,JoelKinnaman有几秒嘴唇颜色特别粉嫩,https://image.tmdb.org/t/p/w500/bNeE1kUMFYG1sG6blHMwkG9sXXM.jpg,https://img9.doubanio.com/icon/up37608497-44.jpg,.,0.0,2014,美国,动作,何塞·帕迪里亚  乔尔·金纳曼 加里·奥德曼
4116481,极乐空间,2013,6.5,3.5,109106,共产主义的偷渡者,https://image.tmdb.org/t/p/w500/tctTTY94KqkLJVc0XFG8zvCFXpC.jpg,https://img3.doubanio.com/icon/up2525869-12.jpg,胖达桑,0.0,2013,美国,剧情,尼尔·布洛姆坎普  马特·达蒙 朱迪·福斯特
26729868,机器之血,2017,4.6,2.5,53399,2017.12.22 时代巨幕 成龙还是打不死更强化了,https://image.tmdb.org/t/p/w500/cmCtZp2FTvQBJPsqoGQSD20ZHpb.jpg,https://img3.doubanio.com/icon/up1153237-3.jpg,Crazy Ivan,0.0,2017,中国大陆,剧情,张立嘉  成龙 罗志祥
24716039,星际探索,2019,6.8,3.5,120832,我在银河游过泳，上岸才懂得爱人。,https://image.tmdb.org/t/p/w500/kOBCDrMrWSGRDquMcW5vfKGxxB9.jpg,https://img1.doubanio.com/icon/up1143017-890.jpg,zitsunari,10.0,2019,美国,科幻,詹姆斯·格雷  布拉德·皮特 汤米·李·琼斯
26825482,月球陨落,2022,5.2,2.5,119946,嗯 是的 我疯了 这片子满足我所有期待 我就要给五星,https://image.tmdb.org/t/p/w500/60cgH24osYiCnJeFoKKKgBlOTZs.jpg,https://img2.doubanio.com/icon/up1349000-51.jpg,本初老儿,0.0,2022,美国,科幻,罗兰·艾默里奇  哈莉·贝瑞 帕特里克·威尔森
25794302,分歧者3：忠诚世界,2016,6.0,3.0,54704,3.5星。第三世界人们觉醒。科幻设备多加0.5星。,https://image.tmdb.org/t/p/w500/eDVojWwnrotsLpSvTSZEgwLFVNv.jpg,https://img1.doubanio.com/icon/up48726425-8.jpg,寒狐居士,0.0,2016,美国,动作,罗伯特·斯文克  谢琳·伍德蕾 西奥·詹姆斯
34801038,黑客帝国：矩阵重启,2021,5.7,3.0,115768,拍得挺好，但不拍会更好,https://image.tmdb.org/t/p/w500/kccclM6mautY9L72NS5r4zxtfxG.jpg,https://img3.doubanio.com/icon/up70151187-2.jpg,手插兜,0.0,2021,美国,动作,拉娜·沃卓斯基  基努·里维斯 凯瑞-安·莫斯
1309044,世界之战,2005,6.7,3.5,101609,前半段的写实风深得我心,https://image.tmdb.org/t/p/w500/24lga5WJCLuduxTsvU6bcOnGxGL.jpg,https://img2.doubanio.com/icon/up1032989-51.jpg,桃桃林林,0.0,2005,美国,科幻,史蒂文·斯皮尔伯格  汤姆·克鲁斯 达科塔·范宁
6873042,明日世界,2015,6.4,3.0,70967,小朋友们终于有了和自己年龄相符的超级英雄了！,https://image.tmdb.org/t/p/w500/tZSMkbpXzwmFgvfs3VWjxheCMIO.jpg,https://img3.doubanio.com/icon/up1240460-27.jpg,惘然,0.0,2015,美国,动作,布拉德·伯德  布丽特·罗伯森 乔治·克鲁尼
1294037,未来水世界,1995,7.6,4.0,94589,超越了时代的电影在当时只有惨败的下场。,https://image.tmdb.org/t/p/w500/z5Ngm5FANTMDUteQABhp7UMwXBi.jpg,https://img3.doubanio.com/icon/up1752908-52.jpg,谢谢你们的鱼,0.0,1995,美国,动作,凯文·雷诺兹  凯文·科斯特纳 珍妮·特里普尔霍恩
2567646,福音战士新剧场版：破,2009,9.3,4.5,100408,其实明日香比凌波丽可怜多了。,https://image.tmdb.org/t/p/w500/i0Nu8GF1XTwkbTI3g2k5ZBgsPiO.jpg,https://img1.doubanio.com/icon/up1338585-178.jpg,Yolanda,0.0,2009,日本,剧情,庵野秀明 摩砂雪 鹤卷和哉  绪方惠美 林原惠美
3569943,命运规划局,2011,7.0,3.5,92834,女主角完全符合我不喜欢的类型。。。。,https://image.tmdb.org/t/p/w500/8W34qxejT8Cen0Nj6cmxvWOGPoY.jpg,https://img1.doubanio.com/icon/up2067567-58.jpg,owen饭♥,0.0,2011,美国,爱情,乔治·诺非  马特·达蒙 艾米莉·布朗特
1302770,阿基拉,1988,8.5,4.5,104452,癫狂与末世,https://image.tmdb.org/t/p/w500/yQvMrTnvVY4OC7TY79VmbKYVl7L.jpg,https://img2.doubanio.com/icon/up1032989-51.jpg,桃桃林林,7.0,1988,日本,动作,大友克洋  岩田光央 佐佐木望
